date,Conventional mortgage - 1-year,Conventional mortgage - 5-year,Conventional mortgage - 3-year,Prime rate
1975-01-01,,12,,11
1975-01-08,,12,,11
1975-01-15,,12,,10.5
1975-01-22,,12,,10.5
1975-01-29,,12,,10.5
1975-02-05,,11.5,,9.5
1975-02-12,,10.75,,9.5
1975-02-19,,10.75,,9.5
1975-02-26,,10.75,,9.5
1975-03-05,,10.75,,9
1975-03-12,,10.75,,9
1975-03-19,,10.5,,9
1975-03-26,,10.5,,9
1975-04-02,,10.5,,9
1975-04-09,,10.5,,9
1975-04-16,,10.5,,9
1975-04-23,,10.75,,9
1975-04-30,,10.75,,9
1975-05-07,,10.75,,9
1975-05-14,,10.75,,9
1975-05-21,,11,,9
1975-05-28,,11,,9
1975-06-04,,11,,9
1975-06-11,,11,,9
1975-06-18,,11,,9
1975-06-25,,11,,9
1975-07-02,,11,,9
1975-07-09,,11,,9
1975-07-16,,11.25,,9
1975-07-23,,11.25,,9
1975-07-30,,11.25,,9
1975-08-06,,11.25,,9
1975-08-13,,11.5,,9
1975-08-20,,11.5,,9
1975-08-27,,11.5,,9
1975-09-03,,11.5,,9
1975-09-10,,11.75,,9.75
1975-09-17,,11.75,,9.75
1975-09-24,,11.75,,9.75
1975-10-01,,12,,9.75
1975-10-08,,12,,9.75
1975-10-15,,12,,9.75
1975-10-22,,12,,9.75
1975-10-29,,12,,9.75
1975-11-05,,12,,9.75
1975-11-12,,12,,9.75
1975-11-19,,12,,9.75
1975-11-26,,12,,9.75
1975-12-03,,12,,9.75
1975-12-10,,12,,9.75
1975-12-17,,12,,9.75
1975-12-24,,12,,9.75
1975-12-31,,12,,9.75
1976-01-07,,12,,9.75
1976-01-14,,12,,9.75
1976-01-21,,12,,9.75
1976-01-28,,12,,9.75
1976-02-04,,12,,9.75
1976-02-11,,11.75,,9.75
1976-02-18,,11.75,,9.75
1976-02-25,,11.75,,9.75
1976-03-03,,11.75,,9.75
1976-03-10,,11.75,,10.25
1976-03-17,,11.75,,10.25
1976-03-24,,11.75,,10.25
1976-03-31,,11.75,,10.25
1976-04-07,,12,,10.25
1976-04-14,,12,,10.25
1976-04-21,,12,,10.25
1976-04-28,,12,,10.25
1976-05-05,,12,,10.25
1976-05-12,,12,,10.25
1976-05-19,,12,,10.25
1976-05-26,,12,,10.25
1976-06-02,,12,,10.25
1976-06-09,,12,,10.25
1976-06-16,,12,,10.25
1976-06-23,,12,,10.25
1976-06-30,,12,,10.25
1976-07-07,,12,,10.25
1976-07-14,,12,,10.25
1976-07-21,,12,,10.25
1976-07-28,,12,,10.25
1976-08-04,,12,,10.25
1976-08-11,,12,,10.25
1976-08-18,,12,,10.25
1976-08-25,,12,,10.25
1976-09-01,,12,,10.25
1976-09-08,,12,,10.25
1976-09-15,,11.75,,10.25
1976-09-22,,11.75,,10.25
1976-09-29,,11.75,,10.25
1976-10-06,,11.75,,10.25
1976-10-13,,11.75,,10.25
1976-10-20,,11.75,,10.25
1976-10-27,,11.75,,10.25
1976-11-03,,11.75,,10.25
1976-11-10,,11.75,,10.25
1976-11-17,,11.75,,10.25
1976-11-24,,11.25,,9.75
1976-12-01,,11.25,,9.75
1976-12-08,,11.25,,9.75
1976-12-15,,11.25,,9.75
1976-12-22,,11.25,,9.75
1976-12-29,,10.75,,9.25
1977-01-05,,10.75,,9.25
1977-01-12,,10.75,,9.25
1977-01-19,,10.75,,9.25
1977-01-26,,10.75,,9.25
1977-02-02,,10.75,,8.75
1977-02-09,,10.25,,8.75
1977-02-16,,10.25,,8.75
1977-02-23,,10.25,,8.75
1977-03-02,,10.25,,8.75
1977-03-09,,10.25,,8.75
1977-03-16,,10.25,,8.75
1977-03-23,,10.25,,8.75
1977-03-30,,10.25,,8.75
1977-04-06,,10.25,,8.75
1977-04-13,,10.25,,8.75
1977-04-20,,10.25,,8.75
1977-04-27,,10.25,,8.75
1977-05-04,,10.25,,8.75
1977-05-11,,10.25,,8.75
1977-05-18,,10.25,,8.75
1977-05-25,,10.25,,8.75
1977-06-01,,10.25,,8.25
1977-06-08,,10.25,,8.25
1977-06-15,,10.25,,8.25
1977-06-22,,10.25,,8.25
1977-06-29,,10.25,,8.25
1977-07-06,,10.25,,8.25
1977-07-13,,10.25,,8.25
1977-07-20,,10.25,,8.25
1977-07-27,,10.25,,8.25
1977-08-03,,10.25,,8.25
1977-08-10,,10.25,,8.25
1977-08-17,,10.25,,8.25
1977-08-24,,10.25,,8.25
1977-08-31,,10.25,,8.25
1977-09-07,,10.25,,8.25
1977-09-14,,10.25,,8.25
1977-09-21,,10.25,,8.25
1977-09-28,,10.25,,8.25
1977-10-05,,10.25,,8.25
1977-10-12,,10.25,,8.25
1977-10-19,,10.25,,8.25
1977-10-26,,10.25,,8.25
1977-11-02,,10.25,,8.25
1977-11-09,,10.25,,8.25
1977-11-16,,10.25,,8.25
1977-11-23,,10.25,,8.25
1977-11-30,,10.25,,8.25
1977-12-07,,10.25,,8.25
1977-12-14,,10.25,,8.25
1977-12-21,,10.25,,8.25
1977-12-28,,10.25,,8.25
1978-01-04,,10.25,,8.25
1978-01-11,,10.25,,8.25
1978-01-18,,10.25,,8.25
1978-01-25,,10.25,,8.25
1978-02-01,,10.25,,8.25
1978-02-08,,10.25,,8.25
1978-02-15,,10.25,,8.25
1978-02-22,,10.25,,8.25
1978-03-01,,10.25,,8.25
1978-03-08,,10.25,,8.25
1978-03-15,,10.25,,8.75
1978-03-22,,10.25,,8.75
1978-03-29,,10.25,,8.75
1978-04-05,,10.25,,9.25
1978-04-12,,10.25,,9.25
1978-04-19,,10.25,,9.25
1978-04-26,,10.25,,9.25
1978-05-03,,10.25,,9.25
1978-05-10,,10.25,,9.25
1978-05-17,,10.25,,9.25
1978-05-24,,10.25,,9.25
1978-05-31,,10.25,,9.25
1978-06-07,,10.25,,9.25
1978-06-14,,10.25,,9.25
1978-06-21,,10.25,,9.25
1978-06-28,,10.25,,9.25
1978-07-05,,10.25,,9.25
1978-07-12,,10.25,,9.25
1978-07-19,,10.25,,9.25
1978-07-26,,10.25,,9.25
1978-08-02,,10.25,,9.75
1978-08-09,,10.25,,9.75
1978-08-16,,10.25,,9.75
1978-08-23,,10.25,,9.75
1978-08-30,,10.25,,9.75
1978-09-06,,10.25,,9.75
1978-09-13,,10.25,,9.75
1978-09-20,,10.75,,10.25
1978-09-27,,10.75,,10.25
1978-10-04,,10.75,,10.25
1978-10-11,,10.75,,10.25
1978-10-18,,10.75,,11
1978-10-25,,11.25,,11
1978-11-01,,11.25,,11
1978-11-08,,11.25,,11.5
1978-11-15,,11.25,,11.5
1978-11-22,,11.25,,11.5
1978-11-29,,11.25,,11.5
1978-12-06,,11.25,,11.5
1978-12-13,,11.25,,11.5
1978-12-20,,11.25,,11.5
1978-12-27,,11.25,,11.5
1979-01-03,,11.25,,11.5
1979-01-10,,11.25,,12
1979-01-17,,11.25,,12
1979-01-24,,11.25,,12
1979-01-31,,11.25,,12
1979-02-07,,11.25,,12
1979-02-14,,11.25,,12
1979-02-21,,11.25,,12
1979-02-28,,11.25,,12
1979-03-07,,11.25,,12
1979-03-14,,11.25,,12
1979-03-21,,11,,12
1979-03-28,,11,,12
1979-04-04,,11,,12
1979-04-11,,11,,12
1979-04-18,,11,,12
1979-04-25,,11,,12
1979-05-02,,11,,12
1979-05-09,,11,,12
1979-05-16,,11,,12
1979-05-23,,11,,12
1979-05-30,,11.25,,12
1979-06-06,,11.25,,12
1979-06-13,,11.25,,12
1979-06-20,,11.25,,12
1979-06-27,,11.25,,12
1979-07-04,,11.25,,12
1979-07-11,,11.25,,12
1979-07-18,,11.25,,12
1979-07-25,,11.75,,12.5
1979-08-01,,11.75,,12.5
1979-08-08,,11.75,,12.5
1979-08-15,,11.75,,12.5
1979-08-22,,12,,12.5
1979-08-29,,12,,12.5
1979-09-05,,12,,12.5
1979-09-12,,12.75,,13
1979-09-19,,12.75,,13
1979-09-26,,12.75,,13
1979-10-03,,12.75,,13
1979-10-10,,13.75,,13.75
1979-10-17,,13.75,,13.75
1979-10-24,,13.75,,13.75
1979-10-31,,14.75,,14.75
1979-11-07,,14.75,,15
1979-11-14,,14.75,,15
1979-11-21,,14.75,,15
1979-11-28,,14.75,,15
1979-12-05,,13.75,,15
1979-12-12,,13.75,,15
1979-12-19,,13.25,,15
1979-12-26,,13.25,,15
1980-01-02,13.25,13.25,13.25,15
1980-01-09,13.25,13.25,13.25,15
1980-01-16,13.25,13.25,13.25,15
1980-01-23,13.25,13.25,13.25,15
1980-01-30,13.25,13.25,13.25,15
1980-02-06,13.25,13.25,13.25,15
1980-02-13,13.25,13.25,13.25,15
1980-02-20,13.75,13.75,13.75,15
1980-02-27,14.5,14.5,14.5,15
1980-03-05,14.5,14.5,14.5,15
1980-03-12,14.5,14.5,14.5,15
1980-03-19,15,15.25,15,15.75
1980-03-26,15.5,15.75,15.5,15.75
1980-04-02,16.25,16.75,16.5,16.5
1980-04-09,16.5,17.25,16.75,17.5
1980-04-16,16.75,17.5,16.75,17.5
1980-04-23,16.25,17,16.25,17.25
1980-04-30,16,16.75,16,16.75
1980-05-07,15,15.25,15,16.5
1980-05-14,14.5,15,14.5,15.75
1980-05-21,13.75,13.75,13.75,14.75
1980-05-28,13,13,13,13.75
1980-06-04,13,13,13,13.75
1980-06-11,13,13,13,13.75
1980-06-18,13,13,13,13.75
1980-06-25,13,13,13,13.25
1980-07-02,13,13,13,13.25
1980-07-09,13,13,13,13.25
1980-07-16,13,13,13,13
1980-07-23,13,13,13,12.75
1980-07-30,12.75,13.5,13.25,12.25
1980-08-06,12.75,13.5,13.25,12.25
1980-08-13,12.75,13.5,13.25,12.25
1980-08-20,12.75,13.75,13.25,12.25
1980-08-27,13,14,13.75,12.25
1980-09-03,13.25,14.25,14,12.25
1980-09-10,13.25,14.25,14,12.25
1980-09-17,13.5,14.5,14.25,12.25
1980-09-24,13.75,14.5,14.25,12.25
1980-10-01,13.75,14.5,14.25,12.25
1980-10-08,13.75,15,14.75,13
1980-10-15,13.75,15,14.75,12.75
1980-10-22,13.75,15,14.75,12.75
1980-10-29,13.75,15,14.75,12.75
1980-11-05,13.75,15,14.75,13.25
1980-11-12,13.75,15,14.75,13.75
1980-11-19,13.75,15,14.75,13.75
1980-11-26,13.75,15,14.75,13.75
1980-12-03,14.5,15.25,15,14.5
1980-12-10,15,15.5,15,15.5
1980-12-17,15.5,15.5,15,17
1980-12-24,15.5,16,15.75,18.25
1980-12-31,15.5,16,15.75,18.25
1981-01-07,15.5,16,15.75,18.25
1981-01-14,15.5,15.5,15.5,18.25
1981-01-21,15.25,15.5,15.5,18.25
1981-01-28,15.25,15.5,15.5,18.25
1981-02-04,15.25,15.5,15.5,18.25
1981-02-11,15.25,15.5,15.5,18.25
1981-02-18,15.5,15.5,15.5,18.25
1981-02-25,15.5,15.5,15.5,18.25
1981-03-04,15.5,15.75,15.75,18.25
1981-03-11,15.75,16,16,18.25
1981-03-18,15.75,16,16,18.25
1981-03-25,16,16,16,17.75
1981-04-01,16,16,16,17.75
1981-04-08,16.25,16.5,16.5,17.75
1981-04-15,16.25,16.5,16.5,17.75
1981-04-22,16.25,16.5,16.5,18.25
1981-04-29,17.25,17,17,18.25
1981-05-06,17.5,17.5,17.5,18.5
1981-05-13,18,18,18,19.5
1981-05-20,18,18,18,19.5
1981-05-27,18,18.5,18.5,19.5
1981-06-03,18,18.5,18.5,19.5
1981-06-10,18.5,18.5,18.5,20
1981-06-17,18.5,18.75,18.75,20
1981-06-24,18.5,18.75,18.75,20
1981-07-01,18.5,18.75,18.75,20
1981-07-08,18.5,18.75,18.75,20
1981-07-15,18.75,18.75,18.75,20
1981-07-22,18.75,18.75,18.75,20
1981-07-29,19.75,20,19.75,21
1981-08-05,20.25,20.75,20.5,21.75
1981-08-12,21.25,21.75,21.5,22.75
1981-08-19,21.25,21.75,21.5,22.75
1981-08-26,21.25,21.75,21.5,22.75
1981-09-02,21.25,21.75,21.5,22.75
1981-09-09,21.25,21.75,21.5,22.25
1981-09-16,21.25,21.75,21.5,21.75
1981-09-23,21.25,21.75,21.5,21.25
1981-09-30,21.25,21.75,21.5,21.25
1981-10-07,21.25,21.75,21.5,21.25
1981-10-14,20,21.25,21,20.5
1981-10-21,19.75,20.25,20,20
1981-10-28,19.75,20.25,20,20
1981-11-04,19.75,20.25,20,20
1981-11-11,19.25,18.75,19.5,19.5
1981-11-18,18.25,18.25,18.25,18
1981-11-25,17.5,17.75,18,17.25
1981-12-02,17.5,17.75,18,17.25
1981-12-09,17.5,17.75,18,17.25
1981-12-16,17.5,17.75,18,17.25
1981-12-23,17.5,17.75,18,17.25
1981-12-30,17.5,17.75,18,17.25
1982-01-06,17.5,17.75,18,16.5
1982-01-13,17.5,18.25,18,16.5
1982-01-20,17.5,18.25,18,16.5
1982-01-27,17.5,18.75,18.5,16.5
1982-02-03,17.5,18.75,18.5,16.5
1982-02-10,17.75,19,18.75,16.5
1982-02-17,18.25,19.5,18.75,16.5
1982-02-24,18.25,19.5,19.25,16.5
1982-03-03,18.25,19.5,19.25,16.5
1982-03-10,18.25,19.5,19.25,16.5
1982-03-17,18.25,19.5,19,16.5
1982-03-24,18.25,19.5,19,16.5
1982-03-31,18.25,19.5,19,17
1982-04-07,18.25,19.5,19.25,17
1982-04-14,18.25,19.5,19.25,17
1982-04-21,18.25,19.5,19.25,17
1982-04-28,18.25,19.5,19.25,17
1982-05-05,18.25,19.5,19.25,17
1982-05-12,18.25,19.5,19.25,17
1982-05-19,18.25,19.5,19.25,17
1982-05-26,18.25,19.5,19.25,17
1982-06-02,18.25,19.5,19.25,17
1982-06-09,18.25,19.5,19.25,17.5
1982-06-16,18.25,19.5,19.25,17.5
1982-06-23,19,19.75,19.5,18.25
1982-06-30,19,19.75,19.5,18.25
1982-07-07,19,19.75,19.5,18.25
1982-07-14,19,19.75,19.5,18.25
1982-07-21,19,19.75,19.5,17.75
1982-07-28,18.5,19.25,19.25,17.25
1982-08-04,18.5,19.25,19,17.25
1982-08-11,18.5,19.25,19,17
1982-08-18,18,19.25,18.75,17
1982-08-25,17.5,18.25,18.25,16
1982-09-01,17.5,17.75,18.25,16
1982-09-08,17.5,17.75,18.25,15.5
1982-09-15,17.5,17.75,18.25,15.5
1982-09-22,16.75,17.75,17.75,15.5
1982-09-29,16.75,17.25,17.75,15
1982-10-06,16.75,17.25,17.25,15
1982-10-13,15.25,16.5,16.25,14.5
1982-10-20,14.25,16,15.5,13.75
1982-10-27,14.25,15.75,15.25,13.75
1982-11-03,14.25,15.75,15.25,13.75
1982-11-10,14.25,15.75,15.25,13.75
1982-11-17,13.5,14.75,14.5,13
1982-11-24,13.25,14.75,14.5,13
1982-12-01,13,14.5,14.25,13
1982-12-08,13,14.5,14.25,13
1982-12-15,13,14.75,14.25,13
1982-12-22,12.5,14.75,14.25,12.5
1982-12-29,12.5,14.75,14.25,12.5
1983-01-05,12.5,14.75,14,12
1983-01-12,12,13.5,12.75,12
1983-01-19,11.75,13.5,12.75,12
1983-01-26,11.75,13.5,12.75,12
1983-02-02,11.75,13.5,12.75,12
1983-02-09,11.75,13.5,12.75,12
1983-02-16,11.75,13.5,12.75,12
1983-02-23,11.75,13.5,12.75,11.5
1983-03-02,11.75,13.5,12.75,11.5
1983-03-09,11.75,13.5,12.75,11.5
1983-03-16,11.75,13.5,12.75,11.5
1983-03-23,11.5,13.5,12.75,11.5
1983-03-30,11.25,13.5,12.75,11.5
1983-04-06,11.25,13.5,12.75,11.5
1983-04-13,11.25,13.5,12.75,11.5
1983-04-20,11.25,13.25,12.75,11
1983-04-27,11,13.25,12.5,11
1983-05-04,11,13.25,12.5,11
1983-05-11,11,13.25,12.5,11
1983-05-18,11,13,12.5,11
1983-05-25,11,13,12.5,11
1983-06-01,11,13,12.5,11
1983-06-08,11,13,12.5,11
1983-06-15,11,13,12.5,11
1983-06-22,11,13,12.5,11
1983-06-29,11,13,12.5,11
1983-07-06,11,13,12.5,11
1983-07-13,11,13,12.25,11
1983-07-20,11,13,12.5,11
1983-07-27,11,13.5,12.75,11
1983-08-03,11,13.5,12.75,11
1983-08-10,11,13.5,12.75,11
1983-08-17,11,13.75,13,11
1983-08-24,11,14,13.25,11
1983-08-31,11,14,13.25,11
1983-09-07,11,14,13.25,11
1983-09-14,11,13.75,13,11
1983-09-21,11,13.75,13,11
1983-09-28,10.75,13.5,12.75,11
1983-10-05,10.75,13.5,12.75,11
1983-10-12,10.75,13.5,12.75,11
1983-10-19,10.75,13,12.25,11
1983-10-26,10.75,13,12.25,11
1983-11-02,10.75,13,12.25,11
1983-11-09,10.75,13,12.25,11
1983-11-16,10.5,12.75,12,11
1983-11-23,10.25,12.5,11.75,11
1983-11-30,10.25,12.5,11.75,11
1983-12-07,10.25,12.5,11.75,11
1983-12-14,10.25,12.5,11.75,11
1983-12-21,10.25,12.5,11.75,11
1983-12-28,10.25,12.5,11.75,11
1984-01-04,10.25,12.5,11.75,11
1984-01-11,10.25,12.5,11.75,11
1984-01-18,10.25,12.5,11.75,11
1984-01-25,10.25,12.5,11.75,11
1984-02-01,10.25,12.5,11.75,11
1984-02-08,10.25,12.5,11.75,11
1984-02-15,10.25,12.5,11.75,11
1984-02-22,10.25,12.5,11.75,11
1984-02-29,10.25,12.5,11.75,11
1984-03-07,10.25,12.5,11.75,11
1984-03-14,10.75,12.75,12,11
1984-03-21,11.25,13.25,12.5,11.5
1984-03-28,11.25,13.25,12.5,11.5
1984-04-04,11.25,13.25,12.5,11.5
1984-04-11,11.25,13.25,12.5,11.5
1984-04-18,11.5,13.5,12.75,11.5
1984-04-25,11.5,13.5,12.75,11.5
1984-05-02,11.75,13.75,13,11.5
1984-05-09,12.25,14.25,13.75,12
1984-05-16,12.25,14.25,13.75,12
1984-05-23,12.75,14.5,14.25,12
1984-05-30,12.75,14.5,14.25,12
1984-06-06,12.75,14.5,14.25,12
1984-06-13,12.75,14.5,14.25,12
1984-06-20,12.75,14.5,14.25,12
1984-06-27,12.75,14.5,14.25,12.5
1984-07-04,13.25,14.5,14.5,13
1984-07-11,13.5,15,14.75,13.5
1984-07-18,13.75,15.25,15,13.5
1984-07-25,13.75,15.25,15,13.5
1984-08-01,13.75,14.75,14.75,13.5
1984-08-08,13.75,14.75,14.75,13.5
1984-08-15,13.5,14.5,14.25,13
1984-08-22,13.25,14.25,14.25,13
1984-08-29,13.25,14.25,14.25,13
1984-09-05,13.25,14.25,14.25,13
1984-09-12,13,14,14,13
1984-09-19,12.75,13.75,13.75,13
1984-09-26,12.75,13.75,13.75,13
1984-10-03,12.75,13.75,13.75,13
1984-10-10,12.75,13.75,13.75,13
1984-10-17,12.75,13.75,13.75,13
1984-10-24,12.5,13.5,13.5,13
1984-10-31,12.5,13.5,13.5,12.5
1984-11-07,12.5,13.5,13.5,12.5
1984-11-14,12.25,13.25,13,12.5
1984-11-21,12,13,12.5,12
1984-11-28,11.75,13,12.5,12
1984-12-05,11.5,12.75,12.5,12
1984-12-12,11.5,12.75,12.5,11.75
1984-12-19,11.5,12.75,12.5,11.75
1984-12-26,11.25,12.5,12.25,11.25
1985-01-02,11.25,12.5,12.25,11.25
1985-01-09,11.25,12.5,12.25,11.25
1985-01-16,11,12.5,12,11
1985-01-23,10.75,12.5,11.75,11
1985-01-30,10.75,12.25,11.75,11
1985-02-06,10.75,12.25,11.75,11
1985-02-13,11,12.75,12.25,11
1985-02-20,11,12.75,12.25,11
1985-02-27,11.25,13.25,12.5,11.5
1985-03-06,11.75,13.5,12.75,11.5
1985-03-13,12,13.5,13,11.75
1985-03-20,11.75,13.5,13,11.75
1985-03-27,11.75,13.25,12.75,11.75
1985-04-03,11.75,13.25,12.75,11.25
1985-04-10,11.25,12.75,12.25,11.25
1985-04-17,11.25,12.75,12.25,11
1985-04-24,10.5,12.5,11.75,10.75
1985-05-01,10.5,12.5,11.75,10.75
1985-05-08,10.5,12.5,11.75,10.75
1985-05-15,10.5,12.5,11.75,10.75
1985-05-22,10,12.25,11.25,10.5
1985-05-29,10,12.25,11.25,10.5
1985-06-05,10,12.25,11.25,10.5
1985-06-12,10,11.75,11.25,10.5
1985-06-19,10,11.75,11.25,10.5
1985-06-26,10,11.75,11.25,10.5
1985-07-03,10,11.75,11.25,10.5
1985-07-10,10,11.75,11.25,10.5
1985-07-17,10,11.75,11.25,10.5
1985-07-24,10,11.75,11.25,10.5
1985-07-31,10,11.75,11.25,10.5
1985-08-07,10,11.75,11.25,10.5
1985-08-14,10,11.75,11.25,10.5
1985-08-21,10,11.75,11.25,10.5
1985-08-28,10,11.75,11.25,10.25
1985-09-04,10,11.75,11.25,10.25
1985-09-11,10,11.75,11.25,10.25
1985-09-18,10,11.75,11.25,10.25
1985-09-25,10,11.75,11.25,10.25
1985-10-02,10,11.75,11.25,10.25
1985-10-09,10,11.75,11.25,10
1985-10-16,10,11.75,11.25,10
1985-10-23,10,11.75,11.25,10
1985-10-30,10,11.75,11.25,10
1985-11-06,9.75,11.75,11.25,10
1985-11-13,9.75,11.75,11.25,10
1985-11-20,9.75,11.75,11.25,10
1985-11-27,9.75,11.75,11.25,10
1985-12-04,9.75,11.75,11.25,10
1985-12-11,9.75,11.75,11.25,10
1985-12-18,9.75,11.5,11,10
1985-12-25,9.75,11.5,11,10
1986-01-01,9.75,11.5,11,10
1986-01-08,10.25,11.5,11,10.5
1986-01-15,10.25,11.75,11.25,11
1986-01-22,10.75,11.75,11.5,11
1986-01-29,10.75,11.75,11.5,11
1986-02-05,11.25,11.75,11.5,11.5
1986-02-12,11.25,12,11.5,12.25
1986-02-19,11.75,12,12,13
1986-02-26,11.75,12,12,13
1986-03-05,11.5,11.75,11.75,13
1986-03-12,11.5,11.75,11.75,13
1986-03-19,11,11.5,11.5,12.5
1986-03-26,11,11.5,11.5,12
1986-04-02,11,11.5,11.5,12
1986-04-09,10.75,11.25,11.25,12
1986-04-16,10.5,11,11,11.25
1986-04-23,10.25,11,10.75,11.25
1986-04-30,10.25,11,10.75,11.25
1986-05-07,9.75,10.5,10.5,10.75
1986-05-14,9.75,10.5,10.5,10.75
1986-05-21,9.75,10.5,10.5,10.25
1986-05-28,9.75,10.5,10.5,10.25
1986-06-04,9.75,10.5,10.5,10.25
1986-06-11,9.75,11,10.5,10.25
1986-06-18,9.75,11,10.5,10.25
1986-06-25,9.75,11,10.5,10.25
1986-07-02,9.75,11,10.5,10.25
1986-07-09,9.75,11,10.5,10.25
1986-07-16,9.75,11,10.5,10.25
1986-07-23,9.75,11,10.5,9.75
1986-07-30,9.75,11,10.5,9.75
1986-08-06,9.75,11,10.5,9.75
1986-08-13,9.75,11,10.5,9.75
1986-08-20,9.75,11,10.5,9.75
1986-08-27,9.75,11,10.5,9.75
1986-09-03,9.75,11,10.5,9.75
1986-09-10,9.75,11,10.5,9.75
1986-09-17,9.75,11.25,10.5,9.75
1986-09-24,9.75,11.25,10.5,9.75
1986-10-01,9.75,11.25,10.5,9.75
1986-10-08,9.75,11.25,10.75,9.75
1986-10-15,9.75,11.25,10.75,9.75
1986-10-22,9.75,11.25,10.75,9.75
1986-10-29,9.75,11.25,10.75,9.75
1986-11-05,9.75,11.25,10.75,9.75
1986-11-12,9.75,11.25,10.75,9.75
1986-11-19,9.75,11.25,10.75,9.75
1986-11-26,9.75,11.25,10.75,9.75
1986-12-03,9.75,11.25,10.75,9.75
1986-12-10,9.75,11.25,10.75,9.75
1986-12-17,9.75,11.25,10.75,9.75
1986-12-24,9.75,11,10.75,9.75
1986-12-31,9.75,11,10.75,9.75
1987-01-07,9.75,11,10.75,9.75
1987-01-14,9.5,10.75,10.5,9.75
1987-01-21,9.5,10.75,10.5,9.75
1987-01-28,9.25,10.5,10.25,9.25
1987-02-04,9.25,10.5,10.25,9.25
1987-02-11,9.25,10.5,10.25,9.25
1987-02-18,9.25,10.5,10.25,9.25
1987-02-25,9.25,10.5,10.25,9.25
1987-03-04,9.25,10.25,10,9.25
1987-03-11,9.25,10.25,10,9.25
1987-03-18,9.25,10.25,10,8.75
1987-03-25,9,10,9.75,8.75
1987-04-01,9,10,9.75,8.75
1987-04-08,9,10,9.75,8.75
1987-04-15,9,10.5,10,8.75
1987-04-22,9.25,10.75,10.25,8.75
1987-04-29,9.5,11,10.25,9.25
1987-05-06,9.5,11,10.25,9.25
1987-05-13,9.5,11,10.25,9.25
1987-05-20,9.5,11,10.25,9.25
1987-05-27,9.75,11.25,10.5,9.5
1987-06-03,9.75,11.25,10.75,9.5
1987-06-10,9.75,11.25,10.75,9.5
1987-06-17,9.75,11.25,10.75,9.5
1987-06-24,9.75,11.25,10.75,9.5
1987-07-01,9.75,11.25,10.75,9.5
1987-07-08,9.75,11.25,10.75,9.5
1987-07-15,9.75,11.25,10.75,9.5
1987-07-22,9.75,11.25,10.75,9.5
1987-07-29,9.75,11.25,10.75,9.5
1987-08-05,10.25,11.5,11,10
1987-08-12,10.25,11.5,11,10
1987-08-19,10.25,11.5,11,10
1987-08-26,10.25,11.5,11,10
1987-09-02,10.25,11.5,11,10
1987-09-09,10.25,11.5,11,10
1987-09-16,10.5,11.75,11.25,10
1987-09-23,10.5,11.75,11.25,10
1987-09-30,10.75,12,11.5,10
1987-10-07,10.75,12,11.5,10
1987-10-14,11,12.25,11.75,10.5
1987-10-21,11,12.25,11.75,10.5
1987-10-28,10.5,11.5,11,9.75
1987-11-04,10.5,11.5,11,9.75
1987-11-11,10.5,11.5,11,9.75
1987-11-18,10.25,11.5,11,9.75
1987-11-25,10.25,11.5,11,9.75
1987-12-02,10.25,11.5,11,9.75
1987-12-09,10.25,11.5,11,9.75
1987-12-16,10.25,11.75,11.25,9.75
1987-12-23,10.25,11.75,11.25,9.75
1987-12-30,10.25,11.75,11.25,9.75
1988-01-06,10.25,11.75,11.25,9.75
1988-01-13,10.25,11.75,11.25,9.75
1988-01-20,10.25,11.75,11.25,9.75
1988-01-27,10.25,11.75,11.25,9.75
1988-02-03,10.25,11.75,11.25,9.75
1988-02-10,9.75,11.5,11,9.75
1988-02-17,9.75,11.5,11,9.75
1988-02-24,9.75,11.5,11,9.75
1988-03-02,9.75,11.5,11,9.75
1988-03-09,9.75,11,10.5,9.75
1988-03-16,9.75,11,10.5,9.75
1988-03-23,9.75,11,10.5,9.75
1988-03-30,9.75,11,10.5,9.75
1988-04-06,9.75,11,10.5,9.75
1988-04-13,9.75,11,10.5,9.75
1988-04-20,9.75,11,10.5,9.75
1988-04-27,10.25,11.25,10.75,10.25
1988-05-04,10.25,11.25,10.75,10.25
1988-05-11,10.25,11.25,10.75,10.25
1988-05-18,10.25,11.25,10.75,10.25
1988-05-25,10.25,11.25,10.75,10.25
1988-06-01,10.5,11.5,11,10.25
1988-06-08,10.75,11.75,11.25,10.75
1988-06-15,10.75,11.25,11.25,10.75
1988-06-22,10.75,11.25,11.25,10.75
1988-06-29,10.75,11.25,11.25,10.75
1988-07-06,10.75,11.25,11.25,10.75
1988-07-13,10.75,11.25,11.25,10.75
1988-07-20,11,11.75,11.5,10.75
1988-07-27,11,11.75,11.5,10.75
1988-08-03,11,11.75,11.5,10.75
1988-08-10,11,11.75,11.5,10.75
1988-08-17,11.25,12,11.75,10.75
1988-08-24,11.25,12,11.75,10.75
1988-08-31,11.5,12.25,12,11.25
1988-09-07,11.5,12.25,12,11.25
1988-09-14,11.5,12.25,12,11.25
1988-09-21,11.5,12.25,12,11.75
1988-09-28,11.75,11.75,12,11.75
1988-10-05,11.75,11.75,12,11.75
1988-10-12,11.75,11.75,12,11.75
1988-10-19,11.25,11.75,11.75,11.75
1988-10-26,11.25,11.75,11.75,11.75
1988-11-02,11.25,11.75,11.75,11.75
1988-11-09,11.25,11.75,11.75,11.75
1988-11-16,11.25,11.75,11.75,11.75
1988-11-23,11.25,11.75,11.75,11.75
1988-11-30,11.5,12,12,11.75
1988-12-07,11.5,12,12,11.75
1988-12-14,12,12.25,12.25,12.25
1988-12-21,12,12.25,12.25,12.25
1988-12-28,12,12.25,12.25,12.25
1989-01-04,12,12.25,12.25,12.25
1989-01-11,12,12.25,12.25,12.25
1989-01-18,12.25,12.25,12.25,12.25
1989-01-25,12.25,12.25,12.25,12.25
1989-02-01,12.25,12.25,12.25,12.25
1989-02-08,12.25,12.25,12.25,12.25
1989-02-15,12.25,12.25,12.25,12.25
1989-02-22,12.75,12.25,12.25,12.75
1989-03-01,12.75,12.25,12.25,12.75
1989-03-08,12.75,12.25,12.25,12.75
1989-03-15,12.75,12.25,12.25,12.75
1989-03-22,13.25,12.5,12.5,12.75
1989-03-29,13.5,12.75,12.75,13.5
1989-04-05,13.5,12.75,12.75,13.5
1989-04-12,13.5,12.75,12.75,13.5
1989-04-19,13.5,12.75,12.75,13.5
1989-04-26,13.5,12.75,12.75,13.5
1989-05-03,13.5,12.75,12.75,13.5
1989-05-10,13.5,12.25,12.5,13.5
1989-05-17,13,12,12.5,13.5
1989-05-24,13,12,12.5,13.5
1989-05-31,13,12,12.25,13.5
1989-06-07,13,12,12.25,13.5
1989-06-14,12.75,12,12.25,13.5
1989-06-21,12.75,12,12.25,13.5
1989-06-28,12.75,12,12.25,13.5
1989-07-05,12.75,12,12.25,13.5
1989-07-12,12.75,12,12.25,13.5
1989-07-19,12.75,11.75,12.25,13.5
1989-07-26,12.75,11.75,12.25,13.5
1989-08-02,12.75,11.75,12.25,13.5
1989-08-09,12.75,11.75,12.25,13.5
1989-08-16,12.75,11.75,12.25,13.5
1989-08-23,12.75,11.75,12.25,13.5
1989-08-30,12.75,11.75,11.75,13.5
1989-09-06,12.75,11.75,11.75,13.5
1989-09-13,12.75,11.75,11.75,13.5
1989-09-20,12.75,11.75,11.75,13.5
1989-09-27,12.75,11.75,11.75,13.5
1989-10-04,12.75,11.75,11.75,13.5
1989-10-11,12.75,11.75,11.75,13.5
1989-10-18,12.75,11.75,11.75,13.5
1989-10-25,12.75,11.75,11.75,13.5
1989-11-01,12.75,11.75,11.75,13.5
1989-11-08,12.75,11.75,11.75,13.5
1989-11-15,12.75,11.75,11.75,13.5
1989-11-22,12.75,11.75,11.75,13.5
1989-11-29,12.75,11.75,11.75,13.5
1989-12-06,12.75,12,12,13.5
1989-12-13,12.75,12,12,13.5
1989-12-20,12.75,12,12,13.5
1989-12-27,12.75,12,12,13.5
1990-01-03,12.75,12,12,13.5
1990-01-10,12.75,12,12,13.5
1990-01-17,12.75,12,12,13.5
1990-01-24,12.75,12,12,13.5
1990-01-31,12.25,12,12,13.5
1990-02-07,12.25,12,12,13.5
1990-02-14,12.25,12,12,13.5
1990-02-21,13,12.75,12.75,14.25
1990-02-28,13,12.75,12.75,14.25
1990-03-07,13,12.75,12.75,14.25
1990-03-14,13,12.75,12.75,14.25
1990-03-21,13,13.25,13.25,14.25
1990-03-28,13,13.25,13.25,14.25
1990-04-04,13.25,13.25,13.25,14.25
1990-04-11,13.5,13.75,13.75,14.25
1990-04-18,13.5,13.75,13.75,14.25
1990-04-25,14.25,14.25,14.25,14.75
1990-05-02,14.25,14.25,14.25,14.75
1990-05-09,14.25,14.25,14.25,14.75
1990-05-16,14.25,14.25,14.25,14.75
1990-05-23,14.25,14.25,14.25,14.75
1990-05-30,14.25,14.25,14.25,14.75
1990-06-06,14.25,14.25,14.25,14.75
1990-06-13,14.25,14.25,14.25,14.75
1990-06-20,14.25,14.25,14.25,14.75
1990-06-27,14.25,14.25,14.25,14.75
1990-07-04,14.25,14.25,14.25,14.75
1990-07-11,14.25,14.25,14.25,14.75
1990-07-18,14.25,14.25,14.25,14.75
1990-07-25,14.25,14.25,14.25,14.75
1990-08-01,14.25,13.75,14,14.75
1990-08-08,14.25,13.75,14,14.75
1990-08-15,14.25,13.75,14,14.75
1990-08-22,13.75,13.5,13.75,14.25
1990-08-29,13.75,13.5,13.75,14.25
1990-09-05,13.75,13.5,13.75,14.25
1990-09-12,13.5,13.5,13.5,14.25
1990-09-19,13.5,13.5,13.5,14.25
1990-09-26,13.25,13.25,13.25,13.75
1990-10-03,13.25,13.25,13.25,13.75
1990-10-10,13.25,13.25,13.25,13.75
1990-10-17,13.25,13.25,13.25,13.75
1990-10-24,13.25,13.25,13.25,13.75
1990-10-31,13.25,13.25,13.25,13.75
1990-11-07,13.25,13.25,13.25,13.75
1990-11-14,13.25,13.25,13.25,13.75
1990-11-21,13.25,13,13,13.75
1990-11-28,12.75,12.75,12.75,13.25
1990-12-05,12.75,12.75,12.75,13.25
1990-12-12,12.75,12.5,12.75,13.25
1990-12-19,12.5,12.5,12.5,13.25
1990-12-26,12.5,12.5,12.5,12.75
1991-01-02,12.5,12.5,12.5,12.75
1991-01-09,12.5,12.5,12.5,12.75
1991-01-16,12.25,12.5,12.5,12.75
1991-01-23,12,12,12,12.25
1991-01-30,11.75,12,12,12.25
1991-02-06,11.5,11.75,12,11.75
1991-02-13,11.25,11.75,11.75,11.75
1991-02-20,11.25,11.75,11.75,11.25
1991-02-27,11,11.5,11.5,11.25
1991-03-06,11,11.5,11.5,11.25
1991-03-13,11,11.5,11.5,11.25
1991-03-20,11,11.5,11.5,11.25
1991-03-27,11,11.5,11.5,11.25
1991-04-03,11,11.5,11.5,10.75
1991-04-10,10.75,11.25,11.25,10.75
1991-04-17,10.75,11.25,11.25,10.75
1991-04-24,10.75,11.25,11.25,10.75
1991-05-01,10.75,11.25,11.25,10.25
1991-05-08,10.25,11.25,11.25,10.25
1991-05-15,10.25,11.25,11,10.25
1991-05-22,10.25,11.25,11,9.75
1991-05-29,10,11.25,11,9.75
1991-06-05,10,11.25,11,9.75
1991-06-12,10,11.25,11,9.75
1991-06-19,10,11.25,11,9.75
1991-06-26,10,11.25,11,9.75
1991-07-03,10,11.25,11,9.75
1991-07-10,10,11.25,11,9.75
1991-07-17,10,11.25,11,9.75
1991-07-24,10,11.25,11,9.75
1991-07-31,10,11.5,11,9.75
1991-08-07,10,11.5,11,9.75
1991-08-14,10,11.5,11,9.75
1991-08-21,10,11.5,11,9.75
1991-08-28,10,11.5,11,9.75
1991-09-04,10,11.5,11,9.75
1991-09-11,9.75,11.5,11,9.75
1991-09-18,9.75,11.25,10.75,9.5
1991-09-25,9.75,11.25,10.75,9.5
1991-10-02,9.75,11.25,10.75,9.5
1991-10-09,9.5,10.75,10.5,9.5
1991-10-16,9.5,10.75,10.5,9.5
1991-10-23,9.5,10.75,10.5,9
1991-10-30,9.5,10.75,10.5,8.75
1991-11-06,9,10.25,9.88,8.75
1991-11-13,8.75,9.9,9.88,8.5
1991-11-20,8.75,9.9,9.75,8.5
1991-11-27,8.75,9.9,9.75,8.5
1991-12-04,8.75,9.9,9.75,8.5
1991-12-11,8.5,9.9,9.5,8
1991-12-18,8.5,9.9,9.5,8
1991-12-25,8.5,9.9,9.5,8
1992-01-01,8.5,9.9,9.5,8
1992-01-08,8.5,9.9,9.5,8
1992-01-15,8.25,9.75,9.25,8
1992-01-22,8.25,9.75,9.25,8
1992-01-29,8.25,9.75,9.25,7.5
1992-02-05,8.25,9.75,9.25,7.5
1992-02-12,8.25,9.75,9.25,7.5
1992-02-19,8.25,9.75,9.25,7.5
1992-02-26,8.25,9.75,9.25,7.5
1992-03-04,8.25,9.75,9.25,7.5
1992-03-11,8.9,9.95,9.75,8.25
1992-03-18,9.5,10.5,10.25,8.25
1992-03-25,9.5,10.5,10.25,8.25
1992-04-01,9.25,10.5,10,8.25
1992-04-08,9.25,10.5,10,8.25
1992-04-15,9,10.5,10,7.75
1992-04-22,8.75,10.25,9.75,7.75
1992-04-29,8.75,10.25,9.75,7.75
1992-05-06,8.75,10.25,9.75,7.75
1992-05-13,8.5,10.25,9.75,7.75
1992-05-20,8.5,10.25,9.75,7.75
1992-05-27,8.25,9.9,9.5,7.5
1992-06-03,8.25,9.9,9.5,7.5
1992-06-10,7.75,9.75,9.25,7.25
1992-06-17,7.5,9.63,9,7.25
1992-06-24,7.5,9.63,9,7
1992-07-01,7.5,9.63,9,7
1992-07-08,6.95,9.25,8.75,7
1992-07-15,6.95,9.25,8.75,7
1992-07-22,6.95,9.25,8.75,7
1992-07-29,6.75,8.88,8.25,6.75
1992-08-05,6.75,8.88,8.25,6.75
1992-08-12,6.5,8.75,8,6.5
1992-08-19,6.5,8.75,8,6.5
1992-08-26,6.5,8.75,8,6.5
1992-09-02,6.5,8.75,8,6.5
1992-09-09,6.25,8.5,7.75,6.25
1992-09-16,6.25,8.5,7.75,6.25
1992-09-23,6.25,8.5,7.75,6.25
1992-09-30,6.25,8.5,7.75,6.25
1992-10-07,7.75,9.25,8.75,8.25
1992-10-14,7.75,9.25,8.75,8.25
1992-10-21,7.75,9.25,8.75,8.25
1992-10-28,8,9.25,8.75,7.75
1992-11-04,8,9.25,8.75,7.5
1992-11-11,7.5,9,8.5,7.5
1992-11-18,7.5,9,8.5,8.25
1992-11-25,8.75,9.5,9,9.75
1992-12-02,8.75,9.5,9,9
1992-12-09,8.75,9.5,9,8.75
1992-12-16,8.25,9.5,9,8.5
1992-12-23,7.75,9.5,8.75,7.25
1992-12-30,7.7,9.5,8.7,7.25
1993-01-06,7.7,9.5,8.7,7.25
1993-01-13,7.7,9.5,8.7,7
1993-01-20,7.7,9.5,8.7,6.75
1993-01-27,7.7,9.5,8.7,6.75
1993-02-03,7.7,9.5,8.7,6.75
1993-02-10,7.7,9.5,8.7,6.75
1993-02-17,7.7,9.5,8.7,6.75
1993-02-24,7.7,9.5,8.7,6.5
1993-03-03,7.7,8.95,8.7,6.5
1993-03-10,7.25,8.95,8.25,6.25
1993-03-17,7.25,8.95,8.25,6.25
1993-03-24,7.25,8.95,8.25,6
1993-03-31,7.25,8.95,8.25,6
1993-04-07,7.25,8.95,8.25,6
1993-04-14,7.25,8.95,8.25,6
1993-04-21,7.25,8.95,8.25,6
1993-04-28,7.25,8.95,8.25,6
1993-05-05,7.25,8.95,8.25,6
1993-05-12,7.25,8.95,8.25,6
1993-05-19,7.25,8.95,8.25,6
1993-05-26,7.25,8.95,8.25,6
1993-06-02,7.25,8.95,8.25,6
1993-06-09,7.25,8.95,8.25,6
1993-06-16,7.25,8.95,8.25,6
1993-06-23,7.25,8.95,8.25,6
1993-06-30,7.25,8.95,8.25,6
1993-07-07,6.5,8.75,8.25,6
1993-07-14,6.5,8.75,8.25,5.75
1993-07-21,6.5,8.75,8.25,5.75
1993-07-28,6.5,8.75,8.25,5.75
1993-08-04,6.5,8.75,8.25,5.75
1993-08-11,6.5,8.75,8.25,5.75
1993-08-18,6.5,8.75,8.25,5.75
1993-08-25,6.5,8.75,8.25,5.75
1993-09-01,6.5,8.75,8.25,5.75
1993-09-08,6.5,8.75,8.25,5.75
1993-09-15,6.5,8.75,8.25,5.75
1993-09-22,6.5,8.75,8.25,5.75
1993-09-29,6.5,8.75,8.25,5.75
1993-10-06,6.5,8.75,8.25,5.75
1993-10-13,6.5,8.75,8.25,5.75
1993-10-20,6.5,8.75,8.25,5.75
1993-10-27,6.5,8.75,8.25,5.75
1993-11-03,6.5,8.75,8.25,5.75
1993-11-10,6.25,7.75,6.9,5.5
1993-11-17,6.25,7.75,6.9,5.5
1993-11-24,6.25,7.75,6.9,5.5
1993-12-01,6.25,7.75,6.9,5.5
1993-12-08,6.25,7.75,6.9,5.5
1993-12-15,6.25,7.75,6.9,5.5
1993-12-22,6.25,7.75,6.9,5.5
1993-12-29,6.25,7.75,6.9,5.5
1994-01-05,6.25,7.75,6.9,5.5
1994-01-12,5.75,7.25,6.5,5.5
1994-01-19,5.75,7.25,6.5,5.5
1994-01-26,5.75,7.25,6.5,5.5
1994-02-02,5.75,7.25,6.5,5.5
1994-02-09,5.75,7.25,6.5,5.5
1994-02-16,5.75,7.25,6.5,5.5
1994-02-23,5.75,7.25,6.5,5.5
1994-03-02,5.75,7.25,6.5,5.5
1994-03-09,6.25,7.95,7.25,5.5
1994-03-16,6.25,7.95,7.25,5.5
1994-03-23,6.25,7.95,7.25,5.5
1994-03-30,7,8.95,8.25,6.25
1994-04-06,7.95,9.5,8.75,6.75
1994-04-13,7.95,9.5,8.75,6.75
1994-04-20,7.95,9.5,8.75,6.75
1994-04-27,7.95,9.5,8.75,6.75
1994-05-04,7.95,9.5,8.75,6.75
1994-05-11,7.95,9.5,8.75,6.75
1994-05-18,7.95,9.5,8.75,6.75
1994-05-25,7.95,9.5,8.75,6.75
1994-06-01,7.95,9.5,8.75,6.75
1994-06-08,7.95,9.5,8.75,6.75
1994-06-15,8.25,9.75,9.25,6.75
1994-06-22,8.25,9.75,9.25,8
1994-06-29,8.95,10.75,10.38,8
1994-07-06,8.95,10.75,10.38,8
1994-07-13,8.95,10.75,10.38,7.75
1994-07-20,8.95,10.75,10.38,7.5
1994-07-27,8.7,10.75,10.13,7.5
1994-08-03,8.7,10.75,10.13,7.25
1994-08-10,8.45,10.25,9.88,7.25
1994-08-17,8.45,10.25,9.88,7.25
1994-08-24,8.45,10.25,9.88,7.25
1994-08-31,8.45,10.25,9.88,7.25
1994-09-07,8.45,10.25,9.88,7.25
1994-09-14,8.45,10.25,9.88,7
1994-09-21,8,9.9,9.5,7
1994-09-28,8,9.9,9.5,7
1994-10-05,8,9.9,9.5,7
1994-10-12,8,9.9,9.5,7
1994-10-19,8,9.9,9.5,7
1994-10-26,8,9.9,9.5,7
1994-11-02,8,9.9,9.5,7
1994-11-09,8,9.9,9.5,7
1994-11-16,8,9.9,9.5,7
1994-11-23,8,9.9,9.5,7
1994-11-30,8,9.9,9.5,7
1994-12-07,8,9.9,9.5,7.5
1994-12-14,9,10.5,10,8
1994-12-21,9.5,10.5,10.25,8
1994-12-28,9.5,10.5,10.25,8
1995-01-04,9.5,10.5,10.25,8
1995-01-11,9.5,10.5,10.25,8
1995-01-18,10,10.75,10.5,9.25
1995-01-25,10,10.75,10.5,9.25
1995-02-01,10,10.75,10.5,9.25
1995-02-08,9.75,10.38,10.13,9.25
1995-02-15,9.75,10.38,10,9.25
1995-02-22,9.63,10.38,10,9.5
1995-03-01,9.63,10.25,10,9.25
1995-03-08,9.25,9.88,9.63,9.75
1995-03-15,9.25,9.88,9.63,9.75
1995-03-22,9.25,9.88,9.63,9.75
1995-03-29,9.25,9.88,9.63,9.75
1995-04-05,9.25,9.88,9.63,9.75
1995-04-12,9.25,9.88,9.63,9.75
1995-04-19,9.25,9.38,9.13,9.75
1995-04-26,9,9.38,9.13,9.75
1995-05-03,9,9.38,9.13,9.75
1995-05-10,8.5,8.88,8.63,9.25
1995-05-17,8.5,8.88,8.63,9.25
1995-05-24,8.5,8.88,8.63,9.25
1995-05-31,8.5,8.88,8.63,9.25
1995-06-07,8.25,8.63,8.38,9
1995-06-14,8,8.63,8.25,8.75
1995-06-21,8,8.63,8.25,8.75
1995-06-28,8,8.63,8.25,8.75
1995-07-05,8,8.63,8.25,8.75
1995-07-12,7.63,8.5,8.13,8.25
1995-07-19,7.63,8.5,8.13,8.25
1995-07-26,7.63,8.5,8.13,8.25
1995-08-02,8.13,8.95,8.63,8.25
1995-08-09,8.13,8.95,8.63,8.25
1995-08-16,8.13,8.95,8.63,8.25
1995-08-23,8.13,8.95,8.63,8.25
1995-08-30,8.13,8.95,8.63,8
1995-09-06,8.13,8.95,8.63,8
1995-09-13,8.13,8.95,8.63,8
1995-09-20,8.13,8.95,8.63,8
1995-09-27,8.13,8.95,8.63,8
1995-10-04,7.75,8.7,8.25,8
1995-10-11,7.75,8.7,8.25,8
1995-10-18,7.75,8.7,8.25,8
1995-10-25,7.75,8.7,8.25,8
1995-11-01,7.75,8.7,8.25,7.75
1995-11-08,7.75,8.7,8.25,7.75
1995-11-15,7.75,8.7,8.25,7.75
1995-11-22,7.75,8.7,8.25,7.75
1995-11-29,7.25,8.45,8,7.75
1995-12-06,7.25,8.45,8,7.75
1995-12-13,7.25,8.45,8,7.75
1995-12-20,7.25,8.45,8,7.5
1995-12-27,7.25,8.45,8,7.5
1996-01-03,7.25,8.45,8,7.5
1996-01-10,6.95,7.95,7.5,7.5
1996-01-17,6.95,7.95,7.5,7.5
1996-01-24,6.95,7.95,7.5,7.5
1996-01-31,6.75,7.8,7.25,7.25
1996-02-07,6.75,7.8,7.25,7
1996-02-14,6.5,7.8,7.25,7
1996-02-21,6.5,7.8,7.25,7
1996-02-28,6.5,7.8,7.25,7
1996-03-06,6.5,7.8,7.25,7
1996-03-13,7,8.5,8,7
1996-03-20,7,8.5,8,7
1996-03-27,7,8.5,8,6.75
1996-04-03,7,8.5,8,6.75
1996-04-10,7,8.5,8,6.75
1996-04-17,7,8.5,8,6.75
1996-04-24,6.5,8.5,8,6.5
1996-05-01,6.5,8.5,8,6.5
1996-05-08,6.5,8.5,8,6.5
1996-05-15,6.5,8.5,8,6.5
1996-05-22,6.5,8.5,8,6.5
1996-05-29,6.5,8.5,8,6.5
1996-06-05,6.5,8.5,8,6.5
1996-06-12,6.5,8.5,8,6.5
1996-06-19,6.5,8.5,8,6.5
1996-06-26,6.5,8.5,8,6.5
1996-07-03,6.5,8.5,8,6.5
1996-07-10,6.5,8.5,8,6.5
1996-07-17,6.5,8.5,8,6.5
1996-07-24,6.5,8.5,8,6.25
1996-07-31,6.5,8.5,8,6.25
1996-08-07,6.13,8.1,7.5,6.25
1996-08-14,6.13,7.95,7.38,6
1996-08-21,6.13,7.95,7.38,6
1996-08-28,6.13,7.95,7.38,5.75
1996-09-04,6.13,7.95,7.38,5.75
1996-09-11,6.13,7.95,7.38,5.75
1996-09-18,6.13,7.95,7.38,5.75
1996-09-25,6.13,7.95,7.38,5.75
1996-10-02,5.95,7.9,7.13,5.75
1996-10-09,5.7,7.65,6.85,5.5
1996-10-16,5.6,7.4,6.6,5.5
1996-10-23,5.6,7.4,6.6,5.25
1996-10-30,5.35,7.2,6.35,5
1996-11-06,5.35,7.2,6.35,5
1996-11-13,5.2,6.95,6.2,4.75
1996-11-20,5.2,6.95,6.2,4.75
1996-11-27,5.2,6.95,6.2,4.75
1996-12-04,5.2,6.95,6.2,4.75
1996-12-11,5.2,6.95,6.2,4.75
1996-12-18,5.2,6.95,6.2,4.75
1996-12-25,5.2,6.95,6.2,4.75
1997-01-01,5.2,6.95,6.2,4.75
1997-01-08,5.2,6.95,6.2,4.75
1997-01-15,5.2,7.25,6.5,4.75
1997-01-22,5.2,7.25,6.5,4.75
1997-01-29,5.2,7.25,6.5,4.75
1997-02-05,5.2,7.25,6.5,4.75
1997-02-12,5.2,7.25,6.5,4.75
1997-02-19,5.05,7,6.25,4.75
1997-02-26,5.05,7,6.25,4.75
1997-03-05,5.05,7,6.25,4.75
1997-03-12,5.05,7,6.25,4.75
1997-03-19,5.05,7,6.25,4.75
1997-03-26,5.2,7.3,6.55,4.75
1997-04-02,5.55,7.65,6.95,4.75
1997-04-09,5.55,7.65,6.95,4.75
1997-04-16,5.55,7.65,6.95,4.75
1997-04-23,5.55,7.65,6.95,4.75
1997-04-30,5.55,7.65,6.95,4.75
1997-05-07,5.4,7.5,6.8,4.75
1997-05-14,5.4,7.5,6.8,4.75
1997-05-21,5.4,7.5,6.8,4.75
1997-05-28,5.4,7.35,6.8,4.75
1997-06-04,5.4,7.35,6.8,4.75
1997-06-11,5.4,7.35,6.8,4.75
1997-06-18,5.2,7.15,6.5,4.75
1997-06-25,5.2,7,6.5,4.75
1997-07-02,5.2,7,6.5,4.75
1997-07-09,5.2,7,6.5,4.75
1997-07-16,5.2,7,6.5,4.75
1997-07-23,5.2,7,6.5,4.75
1997-07-30,5.65,7,6.5,4.75
1997-08-06,5.65,7,6.5,4.75
1997-08-13,5.65,7,6.5,4.75
1997-08-20,5.65,7,6.5,4.75
1997-08-27,5.65,7,6.5,4.75
1997-09-03,5.65,7,6.5,4.75
1997-09-10,5.65,7,6.5,4.75
1997-09-17,5.65,7,6.5,4.75
1997-09-24,5.65,6.85,6.5,4.75
1997-10-01,5.65,6.85,6.5,4.75
1997-10-08,5.65,6.7,6.35,5.25
1997-10-15,5.65,6.7,6.35,5.25
1997-10-22,5.65,6.7,6.35,5.25
1997-10-29,5.65,6.7,6.35,5.25
1997-11-05,5.65,6.7,6.35,5.25
1997-11-12,5.65,6.7,6.35,5.25
1997-11-19,5.65,6.7,6.35,5.25
1997-11-26,5.65,6.7,6.35,5.5
1997-12-03,5.9,6.7,6.35,5.5
1997-12-10,5.9,6.7,6.35,5.5
1997-12-17,6.1,7.05,6.7,6
1997-12-24,6.4,7.05,7,6
1997-12-31,6.65,7.05,7,6
1998-01-07,6.65,7.05,7,6
1998-01-14,6.4,6.85,6.7,6
1998-01-21,6.4,6.85,6.7,6
1998-01-28,6.4,6.85,6.7,6
1998-02-04,6.4,6.85,6.7,6.5
1998-02-11,6.4,6.85,6.7,6.5
1998-02-18,6.4,6.85,6.7,6.5
1998-02-25,6.4,6.85,6.7,6.5
1998-03-04,6.4,6.85,6.7,6.5
1998-03-11,6.4,6.85,6.7,6.5
1998-03-18,6.4,6.85,6.7,6.5
1998-03-25,6.4,6.85,6.7,6.5
1998-04-01,6.4,6.85,6.7,6.5
1998-04-08,6.3,6.75,6.6,6.5
1998-04-15,6.3,6.75,6.6,6.5
1998-04-22,6.3,6.75,6.6,6.5
1998-04-29,6.55,6.95,6.8,6.5
1998-05-06,6.55,6.95,6.8,6.5
1998-05-13,6.55,6.95,6.8,6.5
1998-05-20,6.55,6.95,6.8,6.5
1998-05-27,6.55,6.95,6.8,6.5
1998-06-03,6.55,6.95,6.8,6.5
1998-06-10,6.55,6.95,6.8,6.5
1998-06-17,6.55,6.95,6.8,6.5
1998-06-24,6.55,6.95,6.8,6.5
1998-07-01,6.55,6.95,6.8,6.5
1998-07-08,6.55,6.95,6.8,6.5
1998-07-15,6.55,6.95,6.8,6.5
1998-07-22,6.55,6.95,6.8,6.5
1998-07-29,6.55,6.95,6.8,6.5
1998-08-05,6.75,7.15,7,6.5
1998-08-12,6.75,7.15,7,6.5
1998-08-19,6.75,7.15,7,6.5
1998-08-26,6.75,7.15,7,6.5
1998-09-02,7.45,7.55,7.55,7.5
1998-09-09,7.45,7.55,7.55,7.5
1998-09-16,6.95,7.3,7.15,7.5
1998-09-23,6.95,7.3,7.15,7.5
1998-09-30,6.75,7.15,7,7.25
1998-10-07,6.5,6.75,6.6,7.25
1998-10-14,6.5,6.75,6.6,7.25
1998-10-21,6.5,6.75,6.6,7
1998-10-28,6.5,6.75,6.6,7
1998-11-04,6.5,6.75,6.6,7
1998-11-11,6.4,7.15,6.85,7
1998-11-18,6.4,7.15,6.85,7
1998-11-25,6.4,7.15,6.85,6.75
1998-12-02,6.4,6.8,6.65,6.75
1998-12-09,6.4,6.8,6.65,6.75
1998-12-16,6.4,6.8,6.65,6.75
1998-12-23,6.2,6.6,6.45,6.75
1998-12-30,6.2,6.6,6.45,6.75
1999-01-06,6.2,6.6,6.45,6.75
1999-01-13,6.4,6.9,6.75,6.75
1999-01-20,6.4,6.9,6.75,6.75
1999-01-27,6.4,6.9,6.75,6.75
1999-02-03,6.4,6.9,6.75,6.75
1999-02-10,6.4,6.9,6.75,6.75
1999-02-17,6.4,6.9,6.75,6.75
1999-02-24,6.4,6.9,6.75,6.75
1999-03-03,6.6,7.15,7,6.75
1999-03-10,6.6,7.15,7,6.75
1999-03-17,6.6,7.15,7,6.75
1999-03-24,6.6,7.15,7,6.75
1999-03-31,6.45,6.95,6.8,6.75
1999-04-07,6.45,6.95,6.8,6.5
1999-04-14,6.2,6.7,6.55,6.5
1999-04-21,6.2,6.7,6.55,6.5
1999-04-28,6.3,6.95,6.75,6.5
1999-05-05,6.3,6.95,6.75,6.25
1999-05-12,6.2,7.15,6.85,6.25
1999-05-19,6.2,7.15,6.85,6.25
1999-05-26,6.3,7.3,7,6.25
1999-06-02,6.6,7.4,7.2,6.25
1999-06-09,6.6,7.4,7.2,6.25
1999-06-16,6.75,7.65,7.4,6.25
1999-06-23,6.75,7.45,7.2,6.25
1999-06-30,6.75,7.7,7.45,6.25
1999-07-07,6.7,7.5,7.3,6.25
1999-07-14,6.7,7.5,7.3,6.25
1999-07-21,6.7,7.5,7.3,6.25
1999-07-28,7.05,7.75,7.6,6.25
1999-08-04,7.05,7.75,7.6,6.25
1999-08-11,7.25,8.05,7.8,6.25
1999-08-18,7.25,8.05,7.8,6.25
1999-08-25,7.05,7.8,7.65,6.25
1999-09-01,7.05,7.8,7.65,6.25
1999-09-08,7.05,7.8,7.65,6.25
1999-09-15,7.05,7.8,7.65,6.25
1999-09-22,7.05,7.8,7.65,6.25
1999-09-29,6.8,7.7,7.55,6.25
1999-10-06,6.8,7.7,7.55,6.25
1999-10-13,6.95,8,7.8,6.25
1999-10-20,7.35,8.25,8.05,6.25
1999-10-27,7.35,8.25,8.05,6.25
1999-11-03,7.35,8.25,8.05,6.25
1999-11-10,7.35,8.25,8.05,6.25
1999-11-17,7.35,8.25,8.05,6.25
1999-11-24,7.35,8.25,8.05,6.5
1999-12-01,7.35,8.25,8.05,6.5
1999-12-08,7.35,8.25,8.05,6.5
1999-12-15,7.35,8.25,8.05,6.5
1999-12-22,7.35,8.25,8.05,6.5
1999-12-29,7.35,8.25,8.05,6.5
2000-01-05,7.35,8.25,8.05,6.5
2000-01-12,7.6,8.55,8.3,6.5
2000-01-19,7.6,8.55,8.3,6.5
2000-01-26,7.6,8.55,8.3,6.5
2000-02-02,7.6,8.55,8.3,6.5
2000-02-09,7.6,8.55,8.3,6.75
2000-02-16,7.6,8.55,8.3,6.75
2000-02-23,7.6,8.55,8.3,6.75
2000-03-01,7.6,8.35,8.15,6.75
2000-03-08,7.6,8.35,8.15,6.75
2000-03-15,7.6,8.35,8.15,6.75
2000-03-22,7.6,8.35,8.15,6.75
2000-03-29,7.7,8.35,8.15,7
2000-04-05,7.7,8.35,8.15,7
2000-04-12,7.7,8.35,8.15,7
2000-04-19,7.7,8.35,8.15,7
2000-04-26,7.7,8.35,8.15,7
2000-05-03,7.9,8.55,8.35,7
2000-05-10,7.9,8.55,8.35,7
2000-05-17,7.9,8.55,8.35,7.5
2000-05-24,8.3,8.75,8.55,7.5
2000-05-31,8.3,8.75,8.55,7.5
2000-06-07,8.1,8.45,8.3,7.5
2000-06-14,8.1,8.45,8.3,7.5
2000-06-21,8.1,8.45,8.3,7.5
2000-06-28,8.1,8.45,8.3,7.5
2000-07-05,8.1,8.45,8.3,7.5
2000-07-12,7.9,8.25,8.1,7.5
2000-07-19,7.9,8.25,8.1,7.5
2000-07-26,7.9,8.25,8.1,7.5
2000-08-02,7.9,8.25,8.1,7.5
2000-08-09,7.9,8.25,8.1,7.5
2000-08-16,7.9,8.25,8.1,7.5
2000-08-23,7.9,8.25,8.1,7.5
2000-08-30,7.9,8.25,8.1,7.5
2000-09-06,7.9,8.25,8.1,7.5
2000-09-13,7.9,8.25,8.1,7.5
2000-09-20,7.9,8.25,8.1,7.5
2000-09-27,7.9,8.25,8.1,7.5
2000-10-04,7.9,8.25,8.1,7.5
2000-10-11,7.9,8.25,8.1,7.5
2000-10-18,7.9,8.25,8.1,7.5
2000-10-25,7.9,8.25,8.1,7.5
2000-11-01,7.9,8.25,8.1,7.5
2000-11-08,7.9,8.25,8.1,7.5
2000-11-15,7.9,8.25,8.1,7.5
2000-11-22,7.9,8.25,8.1,7.5
2000-11-29,7.9,8.25,8.1,7.5
2000-12-06,7.8,8.1,7.95,7.5
2000-12-13,7.7,7.95,7.8,7.5
2000-12-20,7.7,7.95,7.8,7.5
2000-12-27,7.7,7.95,7.8,7.5
2001-01-03,7.7,7.95,7.8,7.5
2001-01-10,7.4,7.75,7.55,7.5
2001-01-17,7.4,7.75,7.55,7.5
2001-01-24,7.4,7.75,7.55,7.25
2001-01-31,7.4,7.75,7.55,7.25
2001-02-07,7.2,7.75,7.55,7.25
2001-02-14,7.2,7.75,7.55,7.25
2001-02-21,7.2,7.75,7.55,7.25
2001-02-28,7.2,7.75,7.55,7.25
2001-03-07,7.05,7.5,7.2,6.75
2001-03-14,6.95,7.5,7.2,6.75
2001-03-21,6.7,7.25,6.95,6.75
2001-03-28,6.7,7.25,6.95,6.75
2001-04-04,6.7,7.25,6.95,6.75
2001-04-11,6.8,7.5,7.1,6.75
2001-04-18,6.8,7.5,7.1,6.5
2001-04-25,6.8,7.5,7.1,6.5
2001-05-02,6.8,7.5,7.1,6.5
2001-05-09,6.7,7.5,7.1,6.5
2001-05-16,6.7,7.5,7.1,6.5
2001-05-23,6.7,7.75,7.3,6.5
2001-05-30,6.7,7.75,7.3,6.25
2001-06-06,6.7,7.75,7.3,6.25
2001-06-13,6.7,7.75,7.3,6.25
2001-06-20,6.7,7.75,7.3,6.25
2001-06-27,6.7,7.75,7.3,6.25
2001-07-04,6.7,7.75,7.3,6.25
2001-07-11,6.7,7.75,7.3,6.25
2001-07-18,6.7,7.75,7.3,6
2001-07-25,6.45,7.75,7.3,6
2001-08-01,6.45,7.75,7.3,6
2001-08-08,6.45,7.75,7.3,6
2001-08-15,6.2,7.75,7.3,6
2001-08-22,6.2,7.6,7.15,6
2001-08-29,6.2,7.6,7.15,5.75
2001-09-05,6.2,7.45,7,5.75
2001-09-12,5.9,7.3,6.85,5.75
2001-09-19,5.45,7.15,6.7,5.25
2001-09-26,5.45,7.15,6.7,5.25
2001-10-03,5.35,7.05,6.4,5.25
2001-10-10,5.15,7.05,6.4,5.25
2001-10-17,5.15,7.05,6.4,5.25
2001-10-24,4.9,6.9,6.15,4.5
2001-10-31,4.9,6.9,6.15,4.5
2001-11-07,4.75,6.7,5.85,4.5
2001-11-14,4.5,6.45,5.6,4.5
2001-11-21,4.6,6.85,5.75,4.5
2001-11-28,4.6,6.85,5.75,4
2001-12-05,4.6,6.85,5.75,4
2001-12-12,4.6,6.85,5.75,4
2001-12-19,4.6,7.1,6.15,4
2001-12-26,4.6,6.85,5.75,4
2002-01-02,4.6,6.85,5.75,4
2002-01-09,4.6,6.85,5.75,4
2002-01-16,4.35,6.85,5.75,3.75
2002-01-23,4.35,6.85,5.75,3.75
2002-01-30,4.55,7,6.05,3.75
2002-02-06,4.55,6.85,5.75,3.75
2002-02-13,4.55,6.85,5.75,3.75
2002-02-20,4.55,6.85,5.75,3.75
2002-02-27,4.55,6.85,5.75,3.75
2002-03-06,4.55,6.85,5.75,3.75
2002-03-13,5,7.15,6.2,3.75
2002-03-20,5.3,7.3,6.6,3.75
2002-03-27,5.3,7.3,6.6,3.75
2002-04-03,5,7.3,6.6,3.75
2002-04-10,5,7.3,6.6,3.75
2002-04-17,5.3,7.3,6.6,4
2002-04-24,5.4,7.45,6.75,4
2002-05-01,5.4,7.45,6.75,4
2002-05-08,5.4,7.45,6.75,4
2002-05-15,5.4,7.3,6.6,4
2002-05-22,5.55,7.4,6.75,4
2002-05-29,5.55,7.4,6.75,4
2002-06-05,5.55,7.4,6.75,4.25
2002-06-12,5.55,7.4,6.75,4.25
2002-06-19,5.55,7.25,6.6,4.25
2002-06-26,5.55,7.25,6.6,4.25
2002-07-03,5.55,7.25,6.6,4.25
2002-07-10,5.55,7.25,6.6,4.25
2002-07-17,5.55,7.25,6.6,4.5
2002-07-24,5.55,7.25,6.6,4.5
2002-07-31,5.35,7.05,6.4,4.5
2002-08-07,5.35,6.85,6.15,4.5
2002-08-14,5.35,6.8,6.15,4.5
2002-08-21,5.35,6.8,6.15,4.5
2002-08-28,5.35,6.8,6.15,4.5
2002-09-04,5.35,6.95,6.3,4.5
2002-09-11,5.3,6.7,6.05,4.5
2002-09-18,5.3,6.7,6.05,4.5
2002-09-25,5.3,6.7,6.05,4.5
2002-10-02,5.3,6.7,6.05,4.5
2002-10-09,5.3,6.7,6.05,4.5
2002-10-16,5.3,6.7,6.05,4.5
2002-10-23,5.3,7,6.2,4.5
2002-10-30,5.3,7,6.2,4.5
2002-11-06,5.1,6.8,6,4.5
2002-11-13,4.9,6.7,6,4.5
2002-11-20,4.9,6.7,6,4.5
2002-11-27,4.9,6.7,6,4.5
2002-12-04,4.9,6.7,6,4.5
2002-12-11,4.9,6.7,6,4.5
2002-12-18,4.9,6.7,6,4.5
2002-12-25,4.9,6.7,6,4.5
2003-01-01,4.9,6.7,6,4.5
2003-01-08,4.9,6.7,6,4.5
2003-01-15,4.9,6.45,6,4.5
2003-01-22,4.9,6.45,6,4.5
2003-01-29,4.9,6.45,6,4.5
2003-02-05,4.9,6.6,6,4.5
2003-02-12,4.9,6.6,6,4.5
2003-02-19,4.9,6.6,6,4.5
2003-02-26,4.9,6.6,6,4.5
2003-03-05,4.9,6.6,6,4.75
2003-03-12,5.1,6.6,6,4.75
2003-03-19,5.1,6.6,6,4.75
2003-03-26,5.35,6.85,6.25,4.75
2003-04-02,5.35,6.85,6.25,4.75
2003-04-09,5.35,6.85,6.25,4.75
2003-04-16,5.35,6.85,6.25,5
2003-04-23,5.35,6.85,6.25,5
2003-04-30,5.35,6.65,6.25,5
2003-05-07,5.35,6.5,6.1,5
2003-05-14,5.35,6.5,6,5
2003-05-21,5.35,6.3,5.9,5
2003-05-28,5.05,6.15,5.6,5
2003-06-04,4.95,6,5.6,5
2003-06-11,4.95,5.9,5.3,5
2003-06-18,4.85,5.8,5.2,5
2003-06-25,4.85,5.8,5.2,5
2003-07-02,4.65,6.1,5.6,5
2003-07-09,4.65,6.05,5.6,5
2003-07-16,4.75,6.2,5.85,4.75
2003-07-23,4.55,6.2,5.85,4.75
2003-07-30,4.55,6.2,5.45,4.75
2003-08-06,4.55,6.35,5.65,4.75
2003-08-13,4.55,6.35,5.65,4.75
2003-08-20,4.55,6.55,5.65,4.75
2003-08-27,4.55,6.35,5.7,4.75
2003-09-03,4.55,6.35,5.9,4.75
2003-09-10,4.55,6.5,5.9,4.5
2003-09-17,4.55,6.4,5.8,4.5
2003-09-24,4.55,6.3,5.8,4.5
2003-10-01,4.55,6.15,5.6,4.5
2003-10-08,4.55,6.15,5.6,4.5
2003-10-15,4.55,6.15,5.8,4.5
2003-10-22,4.55,6.4,5.8,4.5
2003-10-29,4.55,6.4,5.8,4.5
2003-11-05,4.55,6.4,5.8,4.5
2003-11-12,4.75,6.65,5.9,4.5
2003-11-19,4.75,6.5,5.9,4.5
2003-11-26,4.75,6.5,5.9,4.5
2003-12-03,4.75,6.5,5.9,4.5
2003-12-10,4.75,6.5,5.9,4.5
2003-12-17,4.75,6.45,5.9,4.5
2003-12-24,4.75,6.45,5.9,4.5
2003-12-31,4.75,6.45,5.9,4.5
2004-01-07,4.75,6.35,5.8,4.5
2004-01-14,4.75,6.35,5.8,4.5
2004-01-21,4.5,6.15,5.5,4.25
2004-01-28,4.3,6.05,5.4,4.25
2004-02-04,4.3,6.05,5.35,4.25
2004-02-11,4.3,6,5.35,4.25
2004-02-18,4.3,5.8,5.2,4.25
2004-02-25,4.3,5.8,5.2,4.25
2004-03-03,4.3,5.8,5.2,4
2004-03-10,4.3,5.8,5.2,4
2004-03-17,4.3,5.7,5.2,4
2004-03-24,4.3,5.7,5.1,4
2004-03-31,4.3,5.7,5.1,4
2004-04-07,4.45,5.95,5.3,4
2004-04-14,4.45,5.95,5.3,3.75
2004-04-21,4.45,6.15,5.5,3.75
2004-04-28,4.45,6.15,5.55,3.75
2004-05-05,4.45,6.15,5.55,3.75
2004-05-12,4.55,6.4,5.75,3.75
2004-05-19,4.55,6.4,5.75,3.75
2004-05-26,4.55,6.55,5.8,3.75
2004-06-02,4.55,6.5,5.8,3.75
2004-06-09,4.45,6.5,6.1,3.75
2004-06-16,4.7,6.7,6.1,3.75
2004-06-23,4.7,6.7,6.1,3.75
2004-06-30,4.7,6.7,6.1,3.75
2004-07-07,4.7,6.7,5.95,3.75
2004-07-14,4.6,6.55,5.9,3.75
2004-07-21,4.6,6.55,5.9,3.75
2004-07-28,4.6,6.55,5.9,3.75
2004-08-04,4.6,6.55,5.9,3.75
2004-08-11,4.4,6.3,5.7,3.75
2004-08-18,4.4,6.3,5.7,3.75
2004-08-25,4.4,6.3,5.7,3.75
2004-09-01,4.6,6.4,5.8,3.75
2004-09-08,4.6,6.4,5.8,3.75
2004-09-15,4.8,6.45,5.9,4
2004-09-22,4.8,6.4,5.8,4
2004-09-29,4.8,6.3,5.8,4
2004-10-06,4.8,6.3,5.8,4
2004-10-13,4.9,6.5,5.85,4
2004-10-20,4.9,6.4,5.85,4.25
2004-10-27,4.9,6.4,5.85,4.25
2004-11-03,4.9,6.3,5.8,4.25
2004-11-10,4.9,6.3,5.8,4.25
2004-11-17,5,6.3,5.8,4.25
2004-11-24,5,6.3,5.8,4.25
2004-12-01,5,6.3,5.8,4.25
2004-12-08,4.9,6.15,5.7,4.25
2004-12-15,4.8,6.05,5.6,4.25
2004-12-22,4.8,6.05,5.6,4.25
2004-12-29,4.8,6.05,5.6,4.25
2005-01-05,4.8,6.05,5.6,4.25
2005-01-12,4.8,6.05,5.6,4.25
2005-01-19,4.8,6.05,5.6,4.25
2005-01-26,4.8,6.05,5.6,4.25
2005-02-02,4.8,6.05,5.6,4.25
2005-02-09,4.8,6.05,5.6,4.25
2005-02-16,4.8,6.05,5.6,4.25
2005-02-23,4.8,6.05,5.6,4.25
2005-03-02,4.8,6.05,5.6,4.25
2005-03-09,4.8,6.05,5.6,4.25
2005-03-16,4.8,6.05,5.6,4.25
2005-03-23,4.8,6.05,5.6,4.25
2005-03-30,5.05,6.25,5.85,4.25
2005-04-06,5.05,6.25,5.85,4.25
2005-04-13,5.05,6.25,5.85,4.25
2005-04-20,4.9,6.05,5.6,4.25
2005-04-27,4.9,6.05,5.6,4.25
2005-05-04,4.9,6.05,5.6,4.25
2005-05-11,4.9,6.05,5.6,4.25
2005-05-18,4.9,6.05,5.6,4.25
2005-05-25,4.85,5.95,5.6,4.25
2005-06-01,4.85,5.85,5.5,4.25
2005-06-08,4.75,5.7,5.35,4.25
2005-06-15,4.75,5.7,5.35,4.25
2005-06-22,4.75,5.7,5.35,4.25
2005-06-29,4.75,5.7,5.35,4.25
2005-07-06,4.75,5.7,5.35,4.25
2005-07-13,4.75,5.7,5.35,4.25
2005-07-20,4.9,5.8,5.4,4.25
2005-07-27,4.9,5.8,5.4,4.25
2005-08-03,4.9,5.8,5.4,4.25
2005-08-10,4.9,5.8,5.4,4.25
2005-08-17,5,5.9,5.5,4.25
2005-08-24,5,5.8,5.4,4.25
2005-08-31,5,5.8,5.4,4.25
2005-09-07,5,5.8,5.4,4.25
2005-09-14,5,5.8,5.4,4.5
2005-09-21,5,5.8,5.4,4.5
2005-09-28,5,5.8,5.4,4.5
2005-10-05,5.05,5.8,5.4,4.5
2005-10-12,5.05,5.9,5.45,4.5
2005-10-19,5.05,6,5.55,4.75
2005-10-26,5.25,6,5.6,4.75
2005-11-02,5.4,6.15,5.65,4.75
2005-11-09,5.4,6.15,5.65,4.75
2005-11-16,5.4,6.15,5.65,4.75
2005-11-23,5.4,6.15,5.65,4.75
2005-11-30,5.6,6.15,5.65,4.75
2005-12-07,5.6,6.15,5.7,5
2005-12-14,5.6,6.15,5.7,5
2005-12-21,5.8,6.3,6,5
2005-12-28,5.8,6.3,6,5
2006-01-04,5.8,6.3,6,5
2006-01-11,5.8,6.3,6,5
2006-01-18,5.8,6.3,6,5
2006-01-25,5.8,6.3,6,5.25
2006-02-01,5.8,6.3,6,5.25
2006-02-08,5.85,6.45,6.1,5.25
2006-02-15,5.85,6.45,6.1,5.25
2006-02-22,5.85,6.45,6.1,5.25
2006-03-01,5.85,6.45,6.2,5.25
2006-03-08,6.05,6.45,6.2,5.5
2006-03-15,6.05,6.45,6.2,5.5
2006-03-22,6.05,6.45,6.2,5.5
2006-03-29,6.05,6.45,6.2,5.5
2006-04-05,6.05,6.45,6.2,5.5
2006-04-12,6.15,6.6,6.3,5.5
2006-04-19,6.15,6.6,6.3,5.5
2006-04-26,6.25,6.75,6.45,5.75
2006-05-03,6.25,6.75,6.45,5.75
2006-05-10,6.25,6.75,6.45,5.75
2006-05-17,6.25,6.75,6.45,5.75
2006-05-24,6.25,6.75,6.45,5.75
2006-05-31,6.25,6.75,6.45,6
2006-06-07,6.25,6.75,6.45,6
2006-06-14,6.35,6.75,6.45,6
2006-06-21,6.5,6.75,6.55,6
2006-06-28,6.6,6.95,6.75,6
2006-07-05,6.6,6.95,6.75,6
2006-07-12,6.6,6.95,6.75,6
2006-07-19,6.6,6.95,6.75,6
2006-07-26,6.6,6.95,6.75,6
2006-08-02,6.6,6.95,6.75,6
2006-08-09,6.6,6.95,6.75,6
2006-08-16,6.6,6.95,6.75,6
2006-08-23,6.4,6.85,6.6,6
2006-08-30,6.4,6.85,6.6,6
2006-09-06,6.4,6.75,6.5,6
2006-09-13,6.4,6.75,6.5,6
2006-09-20,6.4,6.75,6.5,6
2006-09-27,6.4,6.7,6.5,6
2006-10-04,6.4,6.6,6.5,6
2006-10-11,6.4,6.6,6.5,6
2006-10-18,6.4,6.6,6.5,6
2006-10-25,6.4,6.8,6.65,6
2006-11-01,6.4,6.6,6.55,6
2006-11-08,6.4,6.6,6.55,6
2006-11-15,6.4,6.6,6.55,6
2006-11-22,6.4,6.55,6.5,6
2006-11-29,6.4,6.55,6.5,6
2006-12-06,6.4,6.5,6.5,6
2006-12-13,6.3,6.45,6.4,6
2006-12-20,6.3,6.45,6.4,6
2006-12-27,6.3,6.45,6.4,6
2007-01-03,6.3,6.45,6.4,6
2007-01-10,6.3,6.45,6.4,6
2007-01-17,6.5,6.65,6.6,6
2007-01-24,6.5,6.65,6.6,6
2007-01-31,6.5,6.65,6.6,6
2007-02-07,6.5,6.65,6.6,6
2007-02-14,6.5,6.65,6.6,6
2007-02-21,6.5,6.65,6.6,6
2007-02-28,6.5,6.65,6.6,6
2007-03-07,6.4,6.49,6.5,6
2007-03-14,6.4,6.49,6.5,6
2007-03-21,6.4,6.49,6.5,6
2007-03-28,6.4,6.49,6.5,6
2007-04-04,6.4,6.44,6.5,6
2007-04-11,6.6,6.64,6.7,6
2007-04-18,6.6,6.64,6.7,6
2007-04-25,6.6,6.64,6.7,6
2007-05-02,6.6,6.64,6.7,6
2007-05-09,6.6,6.64,6.7,6
2007-05-16,6.6,6.64,6.7,6
2007-05-23,6.75,6.84,6.95,6
2007-05-30,6.85,7.14,7.2,6
2007-06-06,6.85,7.14,7.2,6
2007-06-13,7,7.29,7.35,6
2007-06-20,7.05,7.24,7.3,6
2007-06-27,7.05,7.24,7.3,6
2007-07-04,7.05,7.24,7.3,6
2007-07-11,7.05,7.24,7.3,6.25
2007-07-18,7.05,7.24,7.3,6.25
2007-07-25,7.05,7.24,7.3,6.25
2007-08-01,7.05,7.24,7.3,6.25
2007-08-08,7.05,7.24,7.3,6.25
2007-08-15,7.05,7.24,7.3,6.25
2007-08-22,7.05,7.24,7.3,6.25
2007-08-29,7.05,7.24,7.3,6.25
2007-09-05,7.05,7.24,7.3,6.25
2007-09-12,7.05,7.24,7.3,6.25
2007-09-19,7.05,7.19,7.3,6.25
2007-09-26,7.05,7.19,7.3,6.25
2007-10-03,7.05,7.19,7.3,6.25
2007-10-10,7.05,7.19,7.3,6.25
2007-10-17,7.25,7.44,7.4,6.25
2007-10-24,7.25,7.44,7.4,6.25
2007-10-31,7.25,7.44,7.4,6.25
2007-11-07,7.25,7.44,7.4,6.25
2007-11-14,7.2,7.39,7.35,6.25
2007-11-21,7.2,7.39,7.35,6.25
2007-11-28,7.2,7.39,7.35,6.25
2007-12-05,7.2,7.39,7.35,6
2007-12-12,7.2,7.39,7.35,6
2007-12-19,7.2,7.39,7.35,6
2007-12-26,7.35,7.54,7.55,6
2008-01-02,7.35,7.54,7.55,6
2008-01-09,7.35,7.54,7.55,6
2008-01-16,7.35,7.49,7.5,6
2008-01-23,7.35,7.49,7.5,5.75
2008-01-30,7.35,7.39,7.4,5.75
2008-02-06,7.35,7.39,7.4,5.75
2008-02-13,7.35,7.39,7.4,5.75
2008-02-20,7.25,7.29,7.3,5.75
2008-02-27,7.25,7.29,7.3,5.75
2008-03-05,7.25,7.29,7.3,5.25
2008-03-12,7.25,7.29,7.3,5.25
2008-03-19,7.25,7.29,7.3,5.25
2008-03-26,7.15,7.19,7.2,5.25
2008-04-02,7.15,7.19,7.2,5.25
2008-04-09,7.15,7.19,7.2,5.25
2008-04-16,6.95,6.99,7,5.25
2008-04-23,6.95,6.99,7,4.75
2008-04-30,6.95,6.99,7,4.75
2008-05-07,6.95,6.99,7,4.75
2008-05-14,6.95,6.99,7,4.75
2008-05-21,6.95,6.99,7,4.75
2008-05-28,6.15,6.65,6.15,4.75
2008-06-04,6.15,6.65,6.15,4.75
2008-06-11,6.15,6.65,6.15,4.75
2008-06-18,6.95,7.15,6.65,4.75
2008-06-25,6.95,7.15,6.65,4.75
2008-07-02,6.95,7.15,6.65,4.75
2008-07-09,6.95,7.15,6.65,4.75
2008-07-16,6.95,7.15,6.65,4.75
2008-07-23,6.95,7.15,6.65,4.75
2008-07-30,6.95,7.15,7,4.75
2008-08-06,6.95,7.15,7,4.75
2008-08-13,6.65,6.85,6.7,4.75
2008-08-20,6.65,6.85,6.7,4.75
2008-08-27,6.65,6.85,6.7,4.75
2008-09-03,6.65,6.85,6.7,4.75
2008-09-10,6.65,6.85,6.7,4.75
2008-09-17,6.65,6.85,6.7,4.75
2008-09-24,6.65,6.85,6.7,4.75
2008-10-01,6.35,7.2,7.05,4.75
2008-10-08,6.35,7.2,7.05,4.75
2008-10-15,6.35,7.2,7.05,4.25
2008-10-22,6.35,7.2,7.05,4
2008-10-29,6.35,7.2,7.05,4
2008-11-05,6.35,7.2,7.05,4
2008-11-12,6.35,7.2,7.05,4
2008-11-19,6.35,7.2,7.05,4
2008-11-26,6.35,7.2,7.05,4
2008-12-03,5.6,6.95,6.45,4
2008-12-10,5.6,6.95,6.45,3.5
2008-12-17,5.6,6.75,6.25,3.5
2008-12-24,5.6,6.75,6.25,3.5
2008-12-31,5.6,6.75,6.25,3.5
2009-01-07,5.6,6.75,6.25,3.5
2009-01-14,5.6,6.75,6.25,3.5
2009-01-21,5,5.79,5.75,3
2009-01-28,5,5.79,5.75,3
2009-02-04,5,5.79,5.15,3
2009-02-11,5,5.79,5.15,3
2009-02-18,5,5.79,5.15,3
2009-02-25,5,5.79,5.15,3
2009-03-04,5,5.79,5.15,2.5
2009-03-11,4.5,5.79,5.15,2.5
2009-03-18,4.5,5.79,5.15,2.5
2009-03-25,4.5,5.55,4.65,2.5
2009-04-01,4.5,5.55,4.65,2.5
2009-04-08,4.2,5.45,4.45,2.5
2009-04-15,4.2,5.45,4.45,2.5
2009-04-22,4.2,5.45,4.45,2.25
2009-04-29,3.9,5.25,4.15,2.25
2009-05-06,3.9,5.25,4.15,2.25
2009-05-13,3.9,5.25,4.15,2.25
2009-05-20,3.9,5.25,4.15,2.25
2009-05-27,3.9,5.25,4.15,2.25
2009-06-03,3.9,5.45,4.15,2.25
2009-06-10,3.9,5.45,4.15,2.25
2009-06-17,3.75,5.85,4.55,2.25
2009-06-24,3.75,5.85,4.55,2.25
2009-07-01,3.75,5.85,4.55,2.25
2009-07-08,3.75,5.85,4.55,2.25
2009-07-15,3.75,5.85,4.55,2.25
2009-07-22,3.75,5.85,4.55,2.25
2009-07-29,3.75,5.85,4.55,2.25
2009-08-05,3.75,5.85,4.55,2.25
2009-08-12,3.75,5.85,4.55,2.25
2009-08-19,3.75,5.85,4.55,2.25
2009-08-26,3.75,5.85,4.55,2.25
2009-09-02,3.75,5.85,4.55,2.25
2009-09-09,3.75,5.49,4.45,2.25
2009-09-16,3.7,5.49,4.35,2.25
2009-09-23,3.7,5.49,4.35,2.25
2009-09-30,3.7,5.49,4.35,2.25
2009-10-07,3.7,5.49,4.35,2.25
2009-10-14,3.8,5.84,4.45,2.25
2009-10-21,3.8,5.84,4.45,2.25
2009-10-28,3.8,5.84,4.45,2.25
2009-11-04,3.8,5.84,4.45,2.25
2009-11-11,3.8,5.84,4.45,2.25
2009-11-18,3.8,5.84,4.45,2.25
2009-11-25,3.6,5.59,4.25,2.25
2009-12-02,3.6,5.59,4.25,2.25
2009-12-09,3.6,5.59,4.25,2.25
2009-12-16,3.6,5.49,4.25,2.25
2009-12-23,3.6,5.49,4.25,2.25
2009-12-30,3.6,5.49,4.25,2.25
2010-01-06,3.6,5.49,4.25,2.25
2010-01-13,3.6,5.49,4.25,2.25
2010-01-20,3.6,5.49,4.25,2.25
2010-01-27,3.6,5.49,4.25,2.25
2010-02-03,3.6,5.39,4.15,2.25
2010-02-10,3.6,5.39,4.15,2.25
2010-02-17,3.6,5.39,4.15,2.25
2010-02-24,3.6,5.39,4.15,2.25
2010-03-03,3.6,5.39,4.15,2.25
2010-03-10,3.6,5.39,4.15,2.25
2010-03-17,3.6,5.25,4.15,2.25
2010-03-24,3.6,5.25,4.15,2.25
2010-03-31,3.6,5.85,4.35,2.25
2010-04-07,3.6,5.85,4.35,2.25
2010-04-14,3.6,5.85,4.35,2.25
2010-04-21,3.6,6.1,4.6,2.25
2010-04-28,3.8,6.25,4.75,2.25
2010-05-05,3.8,6.25,4.75,2.25
2010-05-12,3.7,6.1,4.75,2.25
2010-05-19,3.7,6.1,4.6,2.25
2010-05-26,3.7,5.99,4.6,2.25
2010-06-02,3.7,5.99,4.6,2.5
2010-06-09,3.7,5.99,4.6,2.5
2010-06-16,3.7,5.99,4.6,2.5
2010-06-23,3.7,5.99,4.6,2.5
2010-06-30,3.6,5.89,4.5,2.5
2010-07-07,3.5,5.79,4.4,2.5
2010-07-14,3.5,5.79,4.4,2.5
2010-07-21,3.5,5.79,4.4,2.75
2010-07-28,3.5,5.79,4.4,2.75
2010-08-04,3.5,5.79,4.4,2.75
2010-08-11,3.3,5.59,4.2,2.75
2010-08-18,3.3,5.49,4.1,2.75
2010-08-25,3.3,5.39,4.1,2.75
2010-09-01,3.3,5.39,4.1,2.75
2010-09-08,3.3,5.39,4.1,2.75
2010-09-15,3.3,5.39,4.1,3
2010-09-22,3.3,5.39,4.1,3
2010-09-29,3.3,5.39,4.1,3
2010-10-06,3.3,5.39,4.1,3
2010-10-13,3.3,5.29,4.1,3
2010-10-20,3.2,5.29,4,3
2010-10-27,3.2,5.29,4,3
2010-11-03,3.2,5.29,4,3
2010-11-10,3.2,5.19,4,3
2010-11-17,3.35,5.19,4,3
2010-11-24,3.35,5.44,4.25,3
2010-12-01,3.35,5.19,4.15,3
2010-12-08,3.35,5.19,4.15,3
2010-12-15,3.35,5.19,4.15,3
2010-12-22,3.35,5.19,4.15,3
2010-12-29,3.35,5.19,4.15,3
2011-01-05,3.35,5.19,4.15,3
2011-01-12,3.35,5.19,4.15,3
2011-01-19,3.35,5.19,4.15,3
2011-01-26,3.35,5.19,4.15,3
2011-02-02,3.35,5.19,4.15,3
2011-02-09,3.5,5.44,4.35,3
2011-02-16,3.5,5.44,4.35,3
2011-02-23,3.5,5.44,4.35,3
2011-03-02,3.5,5.44,4.35,3
2011-03-09,3.5,5.44,4.35,3
2011-03-16,3.5,5.44,4.35,3
2011-03-23,3.5,5.34,4.35,3
2011-03-30,3.5,5.34,4.35,3
2011-04-06,3.7,5.69,4.55,3
2011-04-13,3.7,5.69,4.55,3
2011-04-20,3.7,5.69,4.55,3
2011-04-27,3.7,5.69,4.55,3
2011-05-04,3.7,5.69,4.55,3
2011-05-11,3.7,5.69,4.55,3
2011-05-18,3.7,5.69,4.55,3
2011-05-25,3.7,5.59,4.55,3
2011-06-01,3.6,5.49,4.45,3
2011-06-08,3.5,5.39,4.25,3
2011-06-15,3.5,5.39,4.25,3
2011-06-22,3.5,5.39,4.25,3
2011-06-29,3.5,5.39,4.25,3
2011-07-06,3.6,5.54,4.45,3
2011-07-13,3.6,5.54,4.35,3
2011-07-20,3.5,5.39,4.35,3
2011-07-27,3.5,5.39,4.35,3
2011-08-03,3.5,5.39,4.35,3
2011-08-10,3.5,5.39,4.35,3
2011-08-17,3.5,5.39,4.35,3
2011-08-24,3.5,5.39,4.35,3
2011-08-31,3.5,5.39,4.35,3
2011-09-07,3.5,5.39,4.35,3
2011-09-14,3.5,5.39,4.35,3
2011-09-21,3.5,5.19,4.35,3
2011-09-28,3.5,5.19,4.35,3
2011-10-05,3.5,5.19,4.35,3
2011-10-12,3.5,5.29,4.05,3
2011-10-19,3.5,5.29,4.05,3
2011-10-26,3.5,5.29,4.05,3
2011-11-02,3.5,5.29,4.05,3
2011-11-09,3.5,5.29,4.05,3
2011-11-16,3.5,5.29,4.05,3
2011-11-23,3.5,5.29,4.05,3
2011-11-30,3.5,5.29,4.05,3
2011-12-07,3.5,5.29,4.05,3
2011-12-14,3.5,5.29,4.05,3
2011-12-21,3.5,5.29,4.05,3
2011-12-28,3.5,5.29,4.05,3
2012-01-04,3.5,5.29,4.05,3
2012-01-11,3.5,5.29,4.05,3
2012-01-18,3.5,5.29,4.05,3
2012-01-25,3.5,5.29,4.05,3
2012-02-01,3.5,5.14,3.95,3
2012-02-08,3.2,5.14,3.95,3
2012-02-15,3.2,5.24,3.95,3
2012-02-22,3.2,5.24,3.95,3
2012-02-29,3.2,5.24,3.95,3
2012-03-07,3.2,5.24,3.95,3
2012-03-14,3.2,5.24,3.95,3
2012-03-21,3.2,5.24,3.95,3
2012-03-28,3.2,5.24,3.95,3
2012-04-04,3.2,5.44,3.95,3
2012-04-11,3.2,5.44,3.95,3
2012-04-18,3.2,5.44,3.95,3
2012-04-25,3.2,5.44,3.95,3
2012-05-02,3.2,5.44,3.95,3
2012-05-09,3.2,5.44,3.95,3
2012-05-16,3.2,5.44,3.95,3
2012-05-23,3.2,5.44,3.95,3
2012-05-30,3.2,5.34,3.95,3
2012-06-06,3.2,5.24,3.95,3
2012-06-13,3.2,5.24,3.95,3
2012-06-20,3.2,5.24,3.95,3
2012-06-27,3.2,5.24,3.95,3
2012-07-04,3.2,5.24,3.95,3
2012-07-11,3.2,5.24,3.95,3
2012-07-18,3.1,5.24,3.95,3
2012-07-25,3.1,5.24,3.95,3
2012-08-01,3.1,5.24,3.95,3
2012-08-08,3.1,5.24,3.95,3
2012-08-15,3.1,5.24,3.95,3
2012-08-22,3.1,5.24,3.95,3
2012-08-29,3.1,5.24,4.05,3
2012-09-05,3.1,5.24,4.05,3
2012-09-12,3.1,5.24,4.05,3
2012-09-19,3.1,5.24,4.05,3
2012-09-26,3.1,5.24,3.85,3
2012-10-03,3.1,5.24,3.85,3
2012-10-10,3.1,5.24,3.85,3
2012-10-17,3.1,5.24,3.85,3
2012-10-24,3.1,5.24,3.85,3
2012-10-31,3.1,5.24,3.7,3
2012-11-07,3.1,5.24,3.7,3
2012-11-14,3.1,5.24,3.7,3
2012-11-21,3.1,5.24,3.7,3
2012-11-28,3.1,5.24,3.7,3
2012-12-05,3.1,5.24,3.7,3
2012-12-12,3.1,5.24,3.7,3
2012-12-19,3,5.24,3.7,3
2012-12-26,3,5.24,3.7,3
2013-01-02,3,5.24,3.7,3
2013-01-09,3,5.24,3.7,3
2013-01-16,3,5.24,3.65,3
2013-01-23,3,5.24,3.65,3
2013-01-30,3,5.24,3.65,3
2013-02-06,3,5.24,3.65,3
2013-02-13,3,5.24,3.65,3
2013-02-20,3,5.24,3.65,3
2013-02-27,3,5.24,3.65,3
2013-03-06,3,5.24,3.65,3
2013-03-13,3,5.14,3.55,3
2013-03-20,3,5.14,3.55,3
2013-03-27,3,5.14,3.55,3
2013-04-03,3,5.14,3.55,3
2013-04-10,3,5.14,3.55,3
2013-04-17,3,5.14,3.55,3
2013-04-24,3,5.14,3.55,3
2013-05-01,3,5.14,3.55,3
2013-05-08,3,5.14,3.55,3
2013-05-15,3,5.14,3.55,3
2013-05-22,3,5.14,3.55,3
2013-05-29,3,5.14,3.55,3
2013-06-05,3,5.14,3.55,3
2013-06-12,3.14,5.14,3.55,3
2013-06-19,3.14,5.14,3.65,3
2013-06-26,3.14,5.14,3.65,3
2013-07-03,3.14,5.14,3.75,3
2013-07-10,3.14,5.14,3.75,3
2013-07-17,3.14,5.14,3.75,3
2013-07-24,3.14,5.14,3.75,3
2013-07-31,3.14,5.14,3.75,3
2013-08-07,3.14,5.14,3.75,3
2013-08-14,3.14,5.14,3.75,3
2013-08-21,3.14,5.14,3.75,3
2013-08-28,3.14,5.34,3.95,3
2013-09-04,3.14,5.34,3.95,3
2013-09-11,3.14,5.34,3.95,3
2013-09-18,3.14,5.34,3.95,3
2013-09-25,3.14,5.34,3.95,3
2013-10-02,3.14,5.34,3.95,3
2013-10-09,3.14,5.34,3.95,3
2013-10-16,3.14,5.34,3.95,3
2013-10-23,3.14,5.34,3.95,3
2013-10-30,3.14,5.34,3.95,3
2013-11-06,3.14,5.34,3.95,3
2013-11-13,3.14,5.34,3.95,3
2013-11-20,3.14,5.34,3.95,3
2013-11-27,3.14,5.34,3.95,3
2013-12-04,3.14,5.34,3.95,3
2013-12-11,3.14,5.34,3.95,3
2013-12-18,3.14,5.34,3.95,3
2013-12-25,3.14,5.34,3.95,3
2014-01-01,3.14,5.34,3.95,3
2014-01-08,3.14,5.34,3.95,3
2014-01-15,3.14,5.34,3.95,3
2014-01-22,3.14,5.24,3.75,3
2014-01-29,3.14,5.24,3.75,3
2014-02-05,3.14,5.24,3.75,3
2014-02-12,3.14,5.24,3.75,3
2014-02-19,3.14,5.24,3.75,3
2014-02-26,3.14,5.24,3.75,3
2014-03-05,3.14,4.99,3.75,3
2014-03-12,3.14,4.99,3.75,3
2014-03-19,3.14,4.99,3.75,3
2014-03-26,3.14,4.99,3.75,3
2014-04-02,3.14,4.99,3.75,3
2014-04-09,3.14,4.79,3.75,3
2014-04-16,3.14,4.79,3.75,3
2014-04-23,3.14,4.79,3.75,3
2014-04-30,3.14,4.79,3.75,3
2014-05-07,3.14,4.79,3.75,3
2014-05-14,3.14,4.79,3.75,3
2014-05-21,3.14,4.79,3.75,3
2014-05-28,3.14,4.79,3.75,3
2014-06-04,3.14,4.79,3.75,3
2014-06-11,3.14,4.79,3.75,3
2014-06-18,3.14,4.79,3.75,3
2014-06-25,3.14,4.79,3.75,3
2014-07-02,3.14,4.79,3.75,3
2014-07-09,3.14,4.79,3.75,3
2014-07-16,3.14,4.79,3.75,3
2014-07-23,3.14,4.79,3.75,3
2014-07-30,3.14,4.79,3.75,3
2014-08-06,3.14,4.79,3.75,3
2014-08-13,3.14,4.79,3.75,3
2014-08-20,3.14,4.79,3.75,3
2014-08-27,3.14,4.79,3.75,3
2014-09-03,3.14,4.79,3.75,3
2014-09-10,3.14,4.79,3.75,3
2014-09-17,3.14,4.79,3.75,3
2014-09-24,3.14,4.79,3.75,3
2014-10-01,3.14,4.79,3.75,3
2014-10-08,3.14,4.79,3.44,3
2014-10-15,3.14,4.79,3.44,3
2014-10-22,3.14,4.79,3.44,3
2014-10-29,3.14,4.79,3.44,3
2014-11-05,3.14,4.79,3.44,3
2014-11-12,3.14,4.79,3.44,3
2014-11-19,3.14,4.79,3.44,3
2014-11-26,3.14,4.79,3.44,3
2014-12-03,3.14,4.79,3.44,3
2014-12-10,3.14,4.79,3.44,3
2014-12-17,3.14,4.79,3.44,3
2014-12-24,3.14,4.79,3.44,3
2014-12-31,3.14,4.79,3.44,3
2015-01-07,3.14,4.79,3.44,3
2015-01-14,3.14,4.79,3.44,3
2015-01-21,3.14,4.79,3.44,3
2015-01-28,3.14,4.79,3.44,2.85
2015-02-04,3.14,4.79,3.8,2.85
2015-02-11,3.14,4.79,3.8,2.85
2015-02-18,3.14,4.79,3.8,2.85
2015-02-25,2.89,4.74,3.39,2.85
2015-03-04,2.89,4.74,3.39,2.85
2015-03-11,2.89,4.74,3.39,2.85
2015-03-18,2.89,4.74,3.39,2.85
2015-03-25,2.89,4.74,3.39,2.85
2015-04-01,2.89,4.74,3.39,2.85
2015-04-08,2.89,4.64,3.39,2.85
2015-04-15,2.89,4.64,3.39,2.85
2015-04-22,2.89,4.64,3.39,2.85
2015-04-29,2.89,4.64,3.39,2.85
2015-05-06,2.89,4.64,3.39,2.85
2015-05-13,2.89,4.64,3.39,2.85
2015-05-20,2.89,4.64,3.39,2.85
2015-05-27,2.89,4.64,3.39,2.85
2015-06-03,2.89,4.64,3.39,2.85
2015-06-10,2.89,4.64,3.39,2.85
2015-06-17,2.89,4.64,3.39,2.85
2015-06-24,2.89,4.64,3.39,2.85
2015-07-01,2.89,4.64,3.39,2.85
2015-07-08,2.89,4.64,3.39,2.85
2015-07-15,2.89,4.64,3.39,2.85
2015-07-22,2.89,4.64,3.39,2.7
2015-07-29,2.89,4.64,3.39,2.7
2015-08-05,2.89,4.64,3.39,2.7
2015-08-12,2.89,4.64,3.39,2.7
2015-08-19,2.89,4.64,3.39,2.7
2015-08-26,2.89,4.64,3.39,2.7
2015-09-02,2.89,4.64,3.39,2.7
2015-09-09,2.89,4.64,3.39,2.7
2015-09-16,2.89,4.64,3.39,2.7
2015-09-23,2.89,4.64,3.39,2.7
2015-09-30,2.89,4.64,3.39,2.7
2015-10-07,2.89,4.64,3.39,2.7
2015-10-14,2.89,4.64,3.39,2.7
2015-10-21,2.89,4.64,3.39,2.7
2015-10-28,2.89,4.64,3.39,2.7
2015-11-04,3.14,4.64,3.39,2.7
2015-11-11,3.14,4.64,3.39,2.7
2015-11-18,3.14,4.64,3.39,2.7
2015-11-25,3.14,4.64,3.39,2.7
2015-12-02,3.14,4.64,3.39,2.7
2015-12-09,3.14,4.64,3.39,2.7
2015-12-16,3.14,4.64,3.39,2.7
2015-12-23,3.14,4.64,3.39,2.7
2015-12-30,3.14,4.64,3.39,2.7
2016-01-06,3.14,4.64,3.39,2.7
2016-01-13,3.14,4.64,3.39,2.7
2016-01-20,3.14,4.64,3.39,2.7
2016-01-27,3.14,4.64,3.39,2.7
2016-02-03,3.14,4.64,3.39,2.7
2016-02-10,3.14,4.64,3.39,2.7
2016-02-17,3.14,4.64,3.39,2.7
2016-02-24,3.14,4.64,3.39,2.7
2016-03-02,3.14,4.64,3.39,2.7
2016-03-09,3.14,4.64,3.39,2.7
2016-03-16,3.14,4.64,3.39,2.7
2016-03-23,3.14,4.64,3.39,2.7
2016-03-30,3.14,4.64,3.39,2.7
2016-04-06,3.14,4.64,3.39,2.7
2016-04-13,3.14,4.64,3.39,2.7
2016-04-20,3.14,4.64,3.39,2.7
2016-04-27,3.14,4.64,3.39,2.7
2016-05-04,3.14,4.64,3.39,2.7
2016-05-11,3.14,4.64,3.39,2.7
2016-05-18,3.14,4.64,3.39,2.7
2016-05-25,3.14,4.64,3.39,2.7
2016-06-01,3.14,4.64,3.39,2.7
2016-06-08,3.14,4.64,3.39,2.7
2016-06-15,3.14,4.64,3.39,2.7
2016-06-22,3.14,4.64,3.39,2.7
2016-06-29,3.14,4.64,3.39,2.7
2016-07-06,3.14,4.74,3.39,2.7
2016-07-13,3.14,4.74,3.39,2.7
2016-07-20,3.14,4.74,3.39,2.7
2016-07-27,3.14,4.74,3.39,2.7
2016-08-03,3.14,4.74,3.39,2.7
2016-08-10,3.14,4.74,3.39,2.7
2016-08-17,3.14,4.74,3.39,2.7
2016-08-24,3.14,4.74,3.39,2.7
2016-08-31,3.14,4.74,3.39,2.7
2016-09-07,3.14,4.64,3.39,2.7
2016-09-14,3.14,4.64,3.39,2.7
2016-09-21,3.14,4.64,3.39,2.7
2016-09-28,3.14,4.64,3.39,2.7
2016-10-05,3.14,4.64,3.39,2.7
2016-10-12,3.14,4.64,3.39,2.7
2016-10-19,3.14,4.64,3.39,2.7
2016-10-26,3.14,4.64,3.39,2.7
2016-11-02,3.14,4.64,3.39,2.7
2016-11-09,3.14,4.64,3.39,2.7
2016-11-16,3.14,4.64,3.39,2.7
2016-11-23,3.14,4.64,3.39,2.7
2016-11-30,3.14,4.64,3.39,2.7
2016-12-07,3.14,4.64,3.39,2.7
2016-12-14,3.14,4.64,3.39,2.7
2016-12-21,3.14,4.64,3.39,2.7
2016-12-28,3.14,4.64,3.39,2.7
2017-01-04,3.14,4.64,3.39,2.7
2017-01-11,3.14,4.64,3.39,2.7
2017-01-18,3.14,4.64,3.39,2.7
2017-01-25,3.14,4.64,3.39,2.7
2017-02-01,3.14,4.64,3.39,2.7
2017-02-08,3.14,4.64,3.39,2.7
2017-02-15,3.14,4.64,3.39,2.7
2017-02-22,3.14,4.64,3.39,2.7
2017-03-01,3.14,4.64,3.39,2.7
2017-03-08,3.14,4.64,3.39,2.7
2017-03-15,3.14,4.64,3.39,2.7
2017-03-22,3.14,4.64,3.39,2.7
2017-03-29,3.14,4.64,3.39,2.7
2017-04-05,3.14,4.64,3.39,2.7
2017-04-12,3.14,4.64,3.39,2.7
2017-04-19,3.14,4.64,3.39,2.7
2017-04-26,3.14,4.64,3.39,2.7
2017-05-03,3.14,4.64,3.39,2.7
2017-05-10,3.14,4.64,3.39,2.7
2017-05-17,3.14,4.64,3.39,2.7
2017-05-24,3.14,4.64,3.39,2.7
2017-05-31,3.14,4.64,3.39,2.7
2017-06-07,3.14,4.64,3.39,2.7
2017-06-14,3.14,4.64,3.39,2.7
2017-06-21,3.14,4.64,3.39,2.7
2017-06-28,3.14,4.64,3.39,2.7
2017-07-05,3.14,4.64,3.39,2.7
2017-07-12,3.14,4.64,3.39,2.7
2017-07-19,3.14,4.84,3.39,2.95
2017-07-26,3.14,4.84,3.39,2.95
2017-08-02,3.14,4.84,3.39,2.95
2017-08-09,3.14,4.84,3.39,2.95
2017-08-16,3.14,4.84,3.39,2.95
2017-08-23,3.14,4.84,3.39,2.95
2017-08-30,3.14,4.84,3.39,2.95
2017-09-06,3.14,4.84,3.39,2.95
2017-09-13,3.14,4.84,3.39,3.2
2017-09-20,3.14,4.84,3.54,3.2
2017-09-27,3.09,4.89,3.59,3.2
2017-10-04,3.24,4.89,3.59,3.2
2017-10-11,3.24,4.89,3.64,3.2
2017-10-18,3.24,4.89,3.64,3.2
2017-10-25,3.24,4.99,3.64,3.2
2017-11-01,3.24,4.99,3.74,3.2
2017-11-08,3.24,4.99,3.74,3.2
2017-11-15,3.24,4.99,3.74,3.2
2017-11-22,3.24,4.99,3.74,3.2
2017-11-29,3.24,4.99,3.74,3.2
2017-12-06,3.24,4.99,3.74,3.2
2017-12-13,3.24,4.99,3.74,3.2
2017-12-20,3.24,4.99,3.74,3.2
2017-12-27,3.24,4.99,3.74,3.2
2018-01-03,3.24,4.99,3.74,3.2
2018-01-10,3.24,4.99,3.74,3.2
2018-01-17,3.34,5.14,4.15,3.2
2018-01-24,3.34,5.14,4.15,3.45
2018-01-31,3.34,5.14,4.15,3.45
2018-02-07,3.34,5.14,4.15,3.45
2018-02-14,3.34,5.14,4.15,3.45
2018-02-21,3.34,5.14,4.15,3.45
2018-02-28,3.34,5.14,4.15,3.45
2018-03-07,3.34,5.14,4.15,3.45
2018-03-14,3.34,5.14,4.15,3.45
2018-03-21,3.34,5.14,4.15,3.45
2018-03-28,3.34,5.14,4.15,3.45
2018-04-04,3.34,5.14,4.15,3.45
2018-04-11,3.34,5.14,4.15,3.45
2018-04-18,3.34,5.14,4.15,3.45
2018-04-25,3.34,5.14,4.15,3.45
2018-05-02,3.49,5.14,4.3,3.45
2018-05-09,3.49,5.34,4.3,3.45
2018-05-16,3.49,5.34,4.3,3.45
2018-05-23,3.49,5.34,4.3,3.45
2018-05-30,3.49,5.34,4.3,3.45
2018-06-06,3.49,5.34,4.3,3.45
2018-06-13,3.49,5.34,4.3,3.45
2018-06-20,3.49,5.34,4.3,3.45
2018-06-27,3.49,5.34,4.3,3.45
2018-07-04,3.49,5.34,4.3,3.45
2018-07-11,3.49,5.34,4.3,3.7
2018-07-18,3.49,5.34,4.3,3.7
2018-07-25,3.49,5.34,4.3,3.7
2018-08-01,3.49,5.34,4.3,3.7
2018-08-08,3.49,5.34,4.3,3.7
2018-08-15,3.49,5.34,4.3,3.7
2018-08-22,3.49,5.34,4.3,3.7
2018-08-29,3.49,5.34,4.3,3.7
2018-09-05,3.49,5.34,4.3,3.7
2018-09-12,3.49,5.34,4.3,3.7
2018-09-19,3.49,5.34,4.3,3.7
2018-09-26,3.49,5.34,4.3,3.7
2018-10-03,3.49,5.34,4.3,3.7
2018-10-10,3.49,5.34,4.29,3.7
2018-10-17,3.64,5.34,4.29,3.7
2018-10-24,3.64,5.34,4.29,3.7
2018-10-31,3.64,5.34,4.29,3.95
2018-11-07,3.64,5.34,4.29,3.95
2018-11-14,3.64,5.34,4.29,3.95
2018-11-21,3.64,5.34,4.29,3.95
2018-11-28,3.64,5.34,4.29,3.95
2018-12-05,3.64,5.34,4.29,3.95
2018-12-12,3.64,5.34,4.29,3.95
2018-12-19,3.64,5.34,4.29,3.95
2018-12-26,3.64,5.34,4.29,3.95
2019-01-02,3.64,5.34,4.29,3.95
2019-01-09,3.64,5.34,4.29,3.95
2019-01-16,3.64,5.34,4.29,3.95
2019-01-23,3.64,5.34,4.29,3.95
2019-01-30,3.64,5.34,4.29,3.95
2019-02-06,3.64,5.34,4.29,3.95
2019-02-13,3.64,5.34,4.29,3.95
2019-02-20,3.64,5.34,4.29,3.95
2019-02-27,3.64,5.34,4.29,3.95
2019-03-06,3.64,5.34,4.29,3.95
2019-03-13,3.64,5.34,4.29,3.95
2019-03-20,3.64,5.34,4.29,3.95
2019-03-27,3.64,5.34,4.29,3.95
2019-04-03,3.64,5.34,4.29,3.95
2019-04-10,3.64,5.34,4.29,3.95
2019-04-17,3.64,5.34,4.29,3.95
2019-04-24,3.64,5.34,4.29,3.95
2019-05-01,3.64,5.34,4.29,3.95
2019-05-08,3.64,5.34,4.29,3.95
2019-05-15,3.64,5.34,4.29,3.95
2019-05-22,3.64,5.34,4.29,3.95
2019-05-29,3.64,5.34,4.29,3.95
2019-06-05,3.64,5.34,4.29,3.95
2019-06-12,3.64,5.34,4.29,3.95
2019-06-19,3.64,5.34,4.29,3.95
2019-06-26,3.64,5.34,4.29,3.95
2019-07-03,3.64,5.34,4.29,3.95
2019-07-10,3.64,5.34,4.29,3.95
2019-07-17,3.64,5.19,4.29,3.95
2019-07-24,3.64,5.19,4.29,3.95
2019-07-31,3.64,5.19,4.29,3.95
2019-08-07,3.64,5.19,4.29,3.95
2019-08-14,3.64,5.19,4.29,3.95
2019-08-21,3.64,5.19,4.29,3.95
2019-08-28,3.64,5.19,3.94,3.95
2019-09-04,3.64,5.19,3.94,3.95
2019-09-11,3.64,5.19,3.94,3.95
2019-09-18,3.64,5.19,3.94,3.95
2019-09-25,3.64,5.19,3.94,3.95
2019-10-02,3.64,5.19,3.94,3.95
2019-10-09,3.64,5.19,3.94,3.95
2019-10-16,3.64,5.19,3.94,3.95
2019-10-23,3.64,5.19,3.94,3.95
2019-10-30,3.64,5.19,3.94,3.95
2019-11-06,3.64,5.19,3.94,3.95
2019-11-13,3.64,5.19,3.94,3.95
2019-11-20,3.64,5.19,3.94,3.95
2019-11-27,3.64,5.19,3.94,3.95
2019-12-04,3.64,5.19,3.94,3.95
2019-12-11,3.64,5.19,3.94,3.95
2019-12-18,3.64,5.19,3.94,3.95
2019-12-25,3.64,5.19,3.94,3.95
2020-01-01,3.64,5.19,3.94,3.95
2020-01-08,3.64,5.19,3.94,3.95
2020-01-15,3.64,5.19,3.94,3.95
2020-01-22,3.64,5.19,3.94,3.95
2020-01-29,3.64,5.19,3.94,3.95
2020-02-05,3.64,5.19,3.94,3.95
2020-02-12,3.64,5.19,3.94,3.95
2020-02-19,3.64,5.19,3.94,3.95
2020-02-26,3.64,5.19,3.94,3.95
2020-03-04,3.64,5.19,3.94,3.95
2020-03-11,3.39,5.19,3.94,3.45
2020-03-18,3.29,5.04,3.94,2.95
2020-03-25,3.29,5.04,3.94,2.95
2020-04-01,3.29,5.04,3.94,2.45
2020-04-08,3.29,5.04,3.94,2.45
2020-04-15,3.29,5.04,3.94,2.45
2020-04-22,3.29,5.04,4.05,2.45
2020-04-29,3.29,5.04,4.05,2.45
2020-05-06,3.29,5.04,4.05,2.45
2020-05-13,3.29,5.04,3.94,2.45
2020-05-20,3.19,4.94,3.89,2.45
2020-05-27,3.19,4.94,3.89,2.45
2020-06-03,3.19,4.94,3.89,2.45
2020-06-10,3.19,4.94,3.89,2.45
2020-06-17,3.19,4.94,3.89,2.45
2020-06-24,3.19,4.94,3.89,2.45
2020-07-01,3.19,4.94,3.89,2.45
2020-07-08,3.19,4.94,3.89,2.45
2020-07-15,3.09,4.94,3.79,2.45
2020-07-22,3.09,4.94,3.79,2.45
2020-07-29,3.09,4.94,3.79,2.45
2020-08-05,3.09,4.94,3.89,2.45
2020-08-12,3.09,4.79,3.75,2.45
2020-08-19,3.09,4.79,3.75,2.45
2020-08-26,3.09,4.79,3.75,2.45
2020-09-02,3.09,4.79,3.59,2.45
2020-09-09,3.09,4.79,3.59,2.45
2020-09-16,3.09,4.79,3.59,2.45
2020-09-23,3.09,4.79,3.59,2.45
2020-09-30,3.09,4.79,3.59,2.45
2020-10-07,3.09,4.79,3.59,2.45
2020-10-14,3.09,4.79,3.59,2.45
2020-10-21,3.09,4.79,3.59,2.45
2020-10-28,3.09,4.79,3.59,2.45
2020-11-04,3.09,4.79,3.59,2.45
2020-11-11,3.09,4.79,3.59,2.45
2020-11-18,3.09,4.79,3.59,2.45
2020-11-25,3.09,4.79,3.59,2.45
2020-12-02,3.09,4.79,3.59,2.45
2020-12-09,3.09,4.79,3.45,2.45
2020-12-16,3.09,4.79,3.49,2.45
2020-12-23,3.09,4.79,3.49,2.45
2020-12-30,3.09,4.79,3.49,2.45
2021-01-06,3.09,4.79,3.49,2.45
2021-01-13,2.79,4.79,3.49,2.45
2021-01-20,2.79,4.79,3.49,2.45
2021-01-27,2.79,4.79,3.49,2.45
2021-02-03,2.79,4.79,3.49,2.45
2021-02-10,2.79,4.79,3.49,2.45
2021-02-17,2.79,4.79,3.49,2.45
2021-02-24,2.79,4.79,3.49,2.45
2021-03-03,2.79,4.79,3.49,2.45
2021-03-10,2.79,4.79,3.49,2.45
2021-03-17,2.79,4.79,3.49,2.45
2021-03-24,2.79,4.79,3.49,2.45
2021-03-31,2.79,4.79,3.49,2.45
2021-04-07,2.79,4.79,3.49,2.45
2021-04-14,2.79,4.79,3.49,2.45
2021-04-21,2.79,4.79,3.49,2.45
2021-04-28,2.79,4.79,3.49,2.45
2021-05-05,2.79,4.79,3.49,2.45
2021-05-12,2.79,4.79,3.49,2.45
2021-05-19,2.79,4.79,3.49,2.45
2021-05-26,2.79,4.79,3.49,2.45
2021-06-02,2.79,4.79,3.49,2.45
2021-06-09,2.79,4.79,3.49,2.45
2021-06-16,2.79,4.79,3.49,2.45
2021-06-23,2.79,4.79,3.49,2.45
2021-06-30,2.79,4.79,3.49,2.45
2021-07-07,2.79,4.79,3.49,2.45
2021-07-14,2.79,4.79,3.49,2.45
2021-07-21,2.79,4.79,3.49,2.45
2021-07-28,2.79,4.79,3.49,2.45
2021-08-04,2.79,4.79,3.49,2.45
2021-08-11,2.79,4.79,3.49,2.45
2021-08-18,2.79,4.79,3.49,2.45
2021-08-25,2.79,4.79,3.49,2.45
2021-09-01,2.79,4.79,3.49,2.45
2021-09-08,2.79,4.79,3.49,2.45
2021-09-15,2.79,4.79,3.49,2.45
2021-09-22,2.79,4.79,3.49,2.45
2021-09-29,2.79,4.79,3.49,2.45
2021-10-06,2.79,4.79,3.49,2.45
2021-10-13,2.79,4.79,3.49,2.45
2021-10-20,2.79,4.79,3.49,2.45
2021-10-27,2.79,4.79,3.49,2.45
2021-11-03,2.79,4.79,3.49,2.45
2021-11-10,2.79,4.79,3.49,2.45
2021-11-17,2.79,4.79,3.49,2.45
2021-11-24,2.79,4.79,3.49,2.45
2021-12-01,2.79,4.79,3.49,2.45
2021-12-08,2.79,4.79,3.49,2.45
2021-12-15,2.79,4.79,3.49,2.45
2021-12-22,2.79,4.79,3.49,2.45
2021-12-29,2.79,4.79,3.49,2.45
2022-01-05,2.79,4.79,3.49,2.45
2022-01-12,2.79,4.79,3.49,2.45
2022-01-19,2.79,4.79,3.49,2.45
2022-01-26,2.79,4.79,3.49,2.45
2022-02-02,2.79,4.79,3.49,2.45
2022-02-09,2.79,4.79,3.49,2.45
2022-02-16,2.79,4.79,3.49,2.45
2022-02-23,2.79,4.79,3.49,2.45
2022-03-02,2.79,4.79,3.49,2.45
2022-03-09,2.79,4.79,3.49,2.7
2022-03-16,2.79,4.79,3.49,2.7
2022-03-23,2.94,4.79,3.49,2.7
2022-03-30,2.99,4.79,3.69,2.7
2022-04-06,3.09,4.79,3.89,2.7
2022-04-13,3.09,4.79,3.89,2.7
2022-04-20,3.09,4.99,3.89,3.2
2022-04-27,3.29,4.99,4.09,3.2
2022-05-04,3.29,4.99,4.09,3.2
2022-05-11,3.49,4.99,4.39,3.2
2022-05-18,3.49,4.99,4.39,3.2
2022-05-25,3.79,5.39,4.49,3.2
2022-06-01,3.79,5.39,4.49,3.2
2022-06-08,3.79,5.39,4.49,3.7
2022-06-15,4.29,5.64,4.89,3.7
2022-06-22,4.69,6.04,5.24,3.7
2022-06-29,4.74,6.04,5.39,3.7
2022-07-06,4.74,6.04,5.39,3.7
2022-07-13,4.74,6.04,5.39,3.7
2022-07-20,4.74,6.04,5.39,4.7
2022-07-27,5.19,6.14,5.64,4.7
2022-08-03,5.19,6.14,5.64,4.7
2022-08-10,5.19,6.14,5.64,4.7
2022-08-17,5.19,6.14,5.64,4.7
2022-08-24,5.19,6.14,5.64,4.7
2022-08-31,5.19,6.14,5.64,4.7
2022-09-07,5.19,6.14,5.64,4.7
2022-09-14,5.39,6.14,5.64,5.45
2022-09-21,5.69,6.14,5.64,5.45
2022-09-28,5.69,6.14,5.74,5.45
2022-10-05,6.09,6.14,6.04,5.45
2022-10-12,6.09,6.14,6.04,5.45
2022-10-19,6.09,6.49,6.04,5.45
2022-10-26,6.09,6.49,6.04,5.45
2022-11-02,6.09,6.49,6.04,5.95
2022-11-09,6.09,6.49,6.04,5.95
2022-11-16,6.09,6.49,6.04,5.95
2022-11-23,6.09,6.49,6.04,5.95
2022-11-30,6.09,6.49,6.14,5.95
2022-12-07,6.09,6.49,6.05,5.95
2022-12-14,6.34,6.49,6.14,6.45
2022-12-21,6.34,6.49,6.14,6.45
2022-12-28,6.34,6.49,6.14,6.45
2023-01-04,6.34,6.49,6.14,6.45
2023-01-11,6.34,6.49,6.14,6.45
2023-01-18,6.34,6.49,6.14,6.45
2023-01-25,6.34,6.49,6.14,6.45
2023-02-01,6.34,6.49,6.14,6.7
2023-02-08,6.34,6.49,6.14,6.7
2023-02-15,6.34,6.49,6.14,6.7
2023-02-22,6.34,6.49,6.14,6.7
2023-03-01,6.34,6.49,6.14,6.7
2023-03-08,6.34,6.49,6.14,6.7
2023-03-15,6.34,6.49,6.14,6.7
2023-03-22,6.29,6.49,6.14,6.7
2023-03-29,6.29,6.49,6.14,6.7
2023-04-05,6.29,6.49,6.14,6.7
2023-04-12,6.29,6.49,6.14,6.7
2023-04-19,6.29,6.49,6.14,6.7
2023-04-26,6.29,6.49,6.14,6.7
2023-05-03,6.29,6.49,6.14,6.7
2023-05-10,6.29,6.49,6.14,6.7
2023-05-17,6.29,6.49,6.14,6.7
2023-05-24,6.29,6.49,6.14,6.7
2023-05-31,6.34,6.49,6.24,6.7
2023-06-07,6.94,6.49,6.4,6.7
2023-06-14,6.94,6.49,6.4,6.95
2023-06-21,6.94,6.49,6.4,6.95
